KOR,MATH,GRADE
71,61,B
94,54,A
75,90,A
59,19,C
88,32,B
91,41,B
16,10,C
63,97,A
66,55,B
85,83,A
18,38,C
12,70,B
57,92,A
68,67,B
25,82,B
32,53,B
14,86,B
22,70,B
91,24,B
86,37,B
66,14,B
86,30,B
53,31,B
43,47,B
36,53,B
97,17,B
65,34,B
80,52,B
17,59,C
55,49,B
65,80,A
88,30,B
83,93,A
46,37,B
22,22,C
69,92,A
39,99,B
83,31,B
41,56,B
58,83,A
58,64,B
12,100,B
55,23,C
25,47,C
27,45,C
90,18,B
24,83,B
27,53,B
79,36,B
25,73,B
14,29,C
39,56,B
29,10,C
79,50,B
19,57,C
12,96,B
23,93,B
81,70,A
53,52,B
21,20,C
52,64,B
34,62,B
37,41,C
59,46,B
79,52,B
93,74,A
98,61,A
80,74,A
61,24,B
49,35,B
84,31,B
18,79,B
36,32,C
39,10,C
94,15,B
84,30,B
59,41,B
93,38,B
52,49,B
58,72,B
50,73,B
68,76,A
59,37,B
36,83,B
64,37,B
73,20,B
66,69,B
95,34,B
50,57,B
55,18,C
55,12,C
65,39,B
55,74,B
45,92,B
86,99,A
28,75,B
65,65,B
60,77,B
41,54,B
31,25,C
56,78,B
15,13,C
61,68,B
21,60,B
71,97,A
87,36,B
87,10,B
11,80,B
92,41,B
15,25,C
81,60,A
94,90,A
23,37,C
99,40,B
59,98,A
77,50,B
22,95,B
26,30,C
87,75,A
27,39,C
34,56,B
85,16,B
91,57,A
47,17,C
39,89,B
36,96,B
53,56,B
68,46,B
25,69,B
81,34,B
82,51,B
93,50,A
92,53,A
19,85,B
28,59,B
58,44,B
44,64,B
75,26,B
30,81,B
30,95,B
29,57,B
86,64,A
55,42,B
91,11,B
62,22,B
13,89,B
34,72,B
73,100,A
56,21,C
90,76,A
92,18,B
67,42,B
94,20,B
84,20,B
83,21,B
79,68,A
49,40,B
89,86,A
21,68,B
65,13,C
49,46,B
20,12,C
60,84,A
91,92,A
14,14,C
61,98,A
54,18,C
36,78,B
10,73,B
24,15,C
14,59,C
68,22,B
85,94,A
99,22,B
54,100,A
27,67,B
77,68,A
63,27,B
24,69,B
42,58,B
60,88,A
90,44,B
22,40,C
36,18,C
59,87,A
53,54,B
49,53,B
39,46,B
97,44,A
90,97,A
81,21,B
59,26,B
76,34,B
97,10,B
20,77,B
90,93,A
28,11,C
63,45,B
41,53,B
13,64,C
65,93,A
92,98,A
35,87,B
49,88,B
36,13,C
33,39,C
54,41,B
10,80,B
83,70,A
60,16,C
94,23,B
58,56,B
54,78,B
59,92,A
60,34,B
69,78,A
31,83,B
88,56,A
79,65,A
96,68,A
78,91,A
15,28,C
29,52,B
87,37,B
47,81,B
41,24,C
74,74,A
90,86,A
35,52,B
65,71,B
55,43,B
72,44,B
66,57,B
64,39,B
95,68,A
43,34,C
34,31,C
69,45,B
79,97,A
67,68,B
59,60,B
98,20,B
18,70,B
50,45,B
55,82,B
25,12,C
70,45,B
43,66,B
88,68,A
16,34,C
79,40,B
80,54,B
80,69,A
85,57,A
97,90,A
93,80,A
16,51,C
88,22,B
10,72,B
27,58,B
61,58,B
42,98,A
48,100,A
87,32,B
53,33,B
94,45,B
92,70,A
15,12,C
67,95,A
69,18,B
79,54,B
43,24,C
30,79,B
68,99,A
56,70,B
45,30,C
26,21,C
91,47,B
79,40,B
78,17,B
23,79,B
60,74,B
60,29,B
75,33,B
86,11,B
41,86,B
19,31,C
11,37,C
52,91,A
64,93,A
95,61,A
66,83,A
12,57,C
15,75,B
82,99,A
37,63,B
88,35,B
64,71,B
16,23,C
80,85,A
59,59,B
80,59,B
79,27,B
19,49,C
35,48,B
59,51,B
100,55,A
56,57,B
80,59,B
99,95,A
95,31,B
64,98,A
89,99,A
34,61,B
75,53,B
47,88,B
73,19,B
51,33,B
62,44,B
21,90,B
96,16,B
24,58,B
96,70,A
29,64,B
25,56,B
56,72,B
44,62,B
45,37,B
97,16,B
14,29,C
82,76,A
57,98,A
35,45,B
84,79,A
65,53,B
74,13,B
46,75,B
41,48,B
18,36,C
49,14,C
14,94,B
45,27,C
88,57,A
17,63,B
53,93,A
35,34,C
44,73,B
99,98,A
54,30,B
82,58,A
12,84,B
49,77,B
36,73,B
40,94,B
40,16,C
32,45,C
64,49,B
100,39,B
73,19,B
63,35,B
50,54,B
96,41,B
72,85,A
83,99,A
26,31,C
59,15,C
88,87,A
45,21,C
95,10,B
96,38,B
66,32,B
25,79,B
46,17,C
70,87,A
38,83,B
74,39,B
68,39,B
84,41,B
91,56,A
82,60,A
94,31,B
71,13,B
99,35,B
65,48,B
67,92,A
66,84,A
44,43,B
15,66,B
69,21,B
83,48,B
25,88,B
21,84,B
67,76,A
52,89,A
41,15,C
52,95,A
25,22,C
86,80,A
87,80,A
48,31,C
90,54,A
36,38,C
43,64,B
53,46,B
56,23,C
10,39,C
29,20,C
60,48,B
80,12,B
32,69,B
25,98,B
11,46,C
65,88,A
12,43,C
87,35,B
39,56,B
22,29,C
17,95,B
95,88,A
54,75,B
99,50,A
70,50,B
70,28,B
87,91,A
44,20,C
93,77,A
73,68,A
66,48,B
41,15,C
76,63,B
33,18,C
23,60,B
54,74,B
58,82,A
38,42,B
94,68,A
21,83,B
73,17,B
45,39,B
84,42,B
100,93,A
22,45,C
53,86,B
84,98,A
70,95,A
10,21,C
16,65,B
38,67,B
17,60,C
44,28,C
36,11,C
12,18,C
46,83,B
63,86,A
72,89,A
29,91,B
17,33,C
42,25,C
13,36,C
11,90,B
73,16,B
88,44,B
25,93,B
91,53,A
18,37,C
65,94,A
72,75,A
43,70,B
34,89,B
77,74,A
42,71,B
14,17,C
78,35,B
50,62,B
89,23,B
26,68,B
37,43,B
32,74,B
61,88,A
19,62,B
34,76,B
18,45,C
67,14,B
99,11,B
25,84,B
62,87,A
78,82,A
11,94,B
37,20,C
30,72,B
47,46,B
79,42,B
50,61,B
66,39,B
88,85,A
53,94,A
37,20,C
49,90,B
25,53,C
97,86,A
67,36,B
34,10,C
86,26,B
25,83,B
47,98,A
100,47,A
38,31,C
13,85,B
65,41,B
17,18,C
89,30,B
27,61,B
41,45,B
52,17,C
61,72,B
42,17,C
98,50,A
70,14,B
35,96,B
68,33,B
69,21,B
12,30,C
35,16,C
22,27,C
17,45,C
81,85,A
80,24,B
95,25,B
88,89,A
39,85,B
85,82,A
95,92,A
91,10,B
30,92,B
68,42,B
52,15,C
67,50,B
76,57,B
23,15,C
46,98,A
98,84,A
92,10,B
11,52,C
49,11,C
21,59,B
42,56,B
13,87,B
87,30,B
76,89,A
45,32,C
64,73,B
21,56,C
74,59,B
85,29,B
28,38,C
34,26,C
97,52,A
94,86,A
49,78,B
45,16,C
23,89,B
96,73,A
20,96,B
76,67,A
32,34,C
73,29,B
59,81,A
17,24,C
95,98,A
50,46,B
61,70,B
16,51,C
91,87,A
79,59,B
72,86,A
96,14,B
52,62,B
73,22,B
26,21,C
94,97,A
77,66,A
58,87,A
69,15,B
26,58,B
51,93,A
28,65,B
43,40,B
41,24,C
24,12,C
97,67,A
24,68,B
85,45,B
36,39,C
68,93,A
39,91,B
65,20,B
70,27,B
15,54,C
45,54,B
31,41,C
80,79,A
74,58,B
23,75,B
70,87,A
10,37,C
44,13,C
87,48,B
32,97,B
54,71,B
82,27,B
23,96,B
65,26,B
17,17,C
68,67,B
69,99,A
45,15,C
45,87,B
80,66,A
29,34,C
62,11,C
20,48,C
93,53,A
13,21,C
77,52,B
78,94,A
62,95,A
59,11,C
47,17,C
30,57,B
78,72,A
67,84,A
23,35,C
61,67,B
35,97,B
12,13,C
30,57,B
31,27,C
59,73,B
20,86,B
71,24,B
39,48,B
19,67,B
52,59,B
89,97,A
22,59,B
100,98,A
73,62,B
42,12,C
80,52,B
42,84,B
66,51,B
31,41,C
95,98,A
30,98,B
97,73,A
95,37,B
28,37,C
58,19,C
82,97,A
64,99,A
16,54,C
49,65,B
74,61,B
63,70,B
17,34,C
78,99,A
22,55,C
29,35,C
66,22,B
37,35,C
52,64,B
90,13,B
22,63,B
43,30,C
15,41,C
76,100,A
38,85,B
62,90,A
71,94,A
98,31,B
43,32,C
16,23,C
76,11,B
12,11,C
53,38,B
81,49,B
38,55,B
71,27,B
24,40,C
76,26,B
67,72,B
19,35,C
21,11,C
54,79,B
14,43,C
41,71,B
41,43,B
54,63,B
38,91,B
72,32,B
91,24,B
96,61,A
70,73,A
34,25,C
36,25,C
14,94,B
49,91,A
47,16,C
72,49,B
10,23,C
21,25,C
69,40,B
51,27,C
23,88,B
33,97,B
27,79,B
83,67,A
59,22,B
70,94,A
58,26,B
69,45,B
62,27,B
80,77,A
11,17,C
78,17,B
84,38,B
54,94,A
56,37,B
40,16,C
39,50,B
76,37,B
55,24,C
41,56,B
61,35,B
72,41,B
59,30,B
93,84,A
54,47,B
34,98,B
92,32,B
44,77,B
72,74,A
88,42,B
93,44,B
53,55,B
59,82,A
70,39,B
67,23,B
14,29,C
91,32,B
84,12,B
48,56,B
35,57,B
17,52,C
44,58,B
41,49,B
46,35,B
76,86,A
85,73,A
21,84,B
93,32,B
17,79,B
56,61,B
30,35,C
59,85,A
67,38,B
72,80,A
97,54,A
75,41,B
73,30,B
49,59,B
19,95,B
91,26,B
41,10,C
12,41,C
79,76,A
79,99,A
43,13,C
16,80,B
61,67,B
36,23,C
83,15,B
69,48,B
35,18,C
36,77,B
10,38,C
22,49,C
59,88,A
87,27,B
83,95,A
68,79,A
36,74,B
97,24,B
14,72,B
24,23,C
73,80,A
38,96,B
26,100,B
55,69,B
66,40,B
27,71,B
81,52,B
31,14,C
92,57,A
42,20,C
40,69,B
29,16,C
60,33,B
47,70,B
92,100,A
17,60,C
10,90,B
88,96,A
80,59,B
25,40,C
61,65,B
81,45,B
27,88,B
34,13,C
35,68,B
89,76,A
59,40,B
94,19,B
56,77,B
18,32,C
54,91,A
65,72,B
38,60,B
83,46,B
13,99,B
68,26,B
69,47,B
27,33,C
63,47,B
73,18,B
31,62,B
93,31,B
14,79,B
49,72,B
35,100,B
24,100,B
71,31,B
90,33,B
47,97,A
96,42,B
44,48,B
34,83,B
32,50,B
74,10,B
96,61,A
93,34,B
59,40,B
79,33,B
83,70,A
38,85,B
39,11,C
93,15,B
86,66,A
93,31,B
45,52,B
16,44,C
86,86,A
45,13,C
95,64,A
13,94,B
47,20,C
36,12,C
41,16,C
44,99,A
97,33,B
56,62,B
22,99,B
27,62,B
55,53,B
65,54,B
25,15,C
69,10,C
80,69,A
67,88,A
64,28,B
19,75,B
42,20,C
27,50,C
69,61,B
22,43,C
41,45,B
99,63,A
35,45,B
14,42,C
84,37,B
28,21,C
73,11,B
62,54,B
19,14,C
49,81,B
54,47,B
84,26,B
43,48,B
100,37,B
44,16,C
36,15,C
50,90,A
58,97,A
38,52,B
95,15,B
48,55,B
67,40,B
99,97,A
77,14,B
59,80,B
87,11,B
14,94,B
98,70,A
46,93,B
18,86,B
10,91,B
85,63,A
44,87,B
96,32,B
29,78,B
52,24,C
23,55,C
52,33,B
81,42,B
74,87,A
30,85,B
56,24,B
29,45,C
73,72,A
35,81,B
29,44,C
100,55,A
55,26,B
61,55,B
17,48,C
99,90,A
37,32,C
92,43,B
60,81,A
91,53,A
56,56,B
43,84,B
17,74,B
90,29,B
98,66,A
80,97,A
89,17,B
11,79,B
37,67,B
34,83,B
90,73,A
13,57,C
97,70,A
52,97,A
72,70,A
13,21,C
65,51,B
66,44,B
98,40,B
90,15,B
64,73,B
57,73,B
42,55,B
22,52,C
51,32,B
77,43,B
76,72,A
28,74,B
36,48,B
51,36,B
63,44,B
37,41,C
24,40,C
89,82,A
17,38,C
12,71,B
95,33,B
28,54,B
67,11,C
92,78,A
12,93,B
83,16,B
74,23,B
40,84,B
58,14,C
11,82,B
54,76,B
88,50,B
14,57,C
46,25,C
98,92,A
73,45,B
61,16,C
25,39,C
34,18,C
80,65,A
94,36,B
20,91,B
43,68,B
92,39,B
21,19,C
52,28,B
67,74,A
16,93,B
41,13,C
67,98,A
12,26,C
87,37,B
81,79,A
54,29,B
81,19,B
69,40,B
42,100,A
45,88,B
79,36,B
28,67,B
48,35,B
35,57,B
58,56,B
25,85,B
34,54,B
15,64,C
40,66,B
79,69,A
87,61,A
80,99,A
53,59,B
62,45,B
64,46,B
53,14,C
52,54,B
20,88,B
36,76,B
47,21,C
88,100,A
34,35,C
92,94,A
41,72,B
69,25,B
93,76,A
28,26,C
96,52,A
32,57,B
32,88,B
17,40,C
81,90,A
45,22,C
60,42,B
86,24,B
91,81,A
12,90,B
46,84,B
85,41,B
95,64,A
80,73,A
72,41,B
21,15,C
92,66,A
85,13,B
56,58,B
30,83,B
99,43,A
28,69,B
19,20,C
51,41,B
44,88,B
71,60,B
33,95,B
14,35,C
73,29,B
65,89,A
48,12,C
40,93,B
30,50,B
89,40,B
12,65,C
89,27,B
28,84,B
22,96,B
28,43,C
31,23,C
15,56,C
21,89,B
89,64,A
68,15,B
97,23,B
68,93,A
54,93,A
97,59,A
14,43,C
76,99,A
67,44,B
37,38,C
56,53,B
98,34,B
78,14,B
28,37,C
26,49,C
24,80,B
73,46,B
84,27,B
76,34,B
64,37,B
17,89,B
30,73,B
29,86,B
68,34,B
91,79,A
35,81,B
15,82,B
71,96,A
41,13,C
70,32,B
44,22,C
71,42,B
52,16,C
60,49,B
45,69,B
81,31,B
95,81,A
17,70,B
21,16,C
34,96,B
25,52,C
47,100,A
39,47,B
86,90,A
93,94,A
13,94,B
10,78,B
16,87,B
78,81,A
39,95,B
76,69,A
16,14,C
65,20,B
74,24,B
99,22,B
89,18,B
49,95,A
69,90,A
97,34,B
14,23,C
80,90,A
73,83,A
46,18,C
12,89,B
18,69,B
82,38,B
92,14,B
90,81,A
70,56,B
49,80,B
78,70,A
64,14,C
62,99,A
20,33,C
83,14,B
22,100,B
67,76,A
32,71,B
52,37,B
36,59,B
73,24,B
84,97,A
81,60,A
72,87,A
89,30,B
86,18,B
32,29,C
33,70,B
41,30,C
35,12,C
94,63,A
76,52,B
86,77,A
91,28,B
21,100,B
46,12,C
70,94,A
83,92,A
11,78,B
62,34,B
32,100,B
61,36,B
71,34,B
75,56,B
39,69,B
91,45,B
19,16,C
45,27,C
75,61,B
44,65,B
89,59,A
61,52,B
48,76,B
54,100,A
80,100,A
47,82,B
66,55,B
92,79,A
37,76,B
42,62,B
77,46,B
23,24,C
98,76,A
77,69,A
15,43,C
80,65,A
23,98,B
33,76,B
23,89,B
35,18,C
92,68,A
82,92,A
88,90,A
41,73,B
98,33,B
21,82,B
84,92,A
45,62,B
71,77,A
58,61,B
38,27,C
97,51,A
26,78,B
36,96,B
75,86,A
56,39,B
82,83,A
100,74,A
52,14,C
19,86,B
67,58,B
81,91,A
89,29,B
10,54,C
64,69,B
35,57,B
64,41,B
67,70,B
62,82,A
33,89,B
47,42,B
51,58,B
64,23,B
71,92,A
98,14,B
25,34,C
19,51,C
60,78,B
87,23,B
94,19,B
98,45,A
12,36,C
13,79,B
66,76,A
42,14,C
66,21,B
63,51,B
40,88,B
30,55,B
75,44,B
54,20,C
20,100,B
68,62,B
76,19,B
37,21,C
72,68,A
53,29,B
14,82,B
98,11,B
91,36,B
23,37,C
48,98,A
22,81,B
97,79,A
54,77,B
82,19,B
46,67,B
84,96,A
65,41,B
66,14,B
93,38,B
74,35,B
87,43,B
97,62,A
40,80,B
48,96,A
72,25,B
16,35,C
89,74,A
31,10,C
36,97,B
41,13,C
61,27,B
10,80,B
10,14,C
32,59,B
48,20,C
68,35,B
77,62,B
92,34,B
33,63,B
35,38,C
38,64,B
46,95,A
38,98,B
53,76,B
85,21,B
73,82,A
82,75,A
15,62,C
30,30,C
64,38,B
36,76,B
73,37,B
17,99,B
39,60,B
23,38,C
50,37,B
67,51,B
49,54,B
42,49,B
81,48,B
70,54,B
14,80,B
89,85,A
87,60,A
63,57,B
10,99,B
43,93,B
18,99,B
87,30,B
71,19,B
56,99,A
35,31,C
16,13,C
72,36,B
53,72,B
90,20,B
10,87,B
61,64,B
95,88,A
37,37,C
65,65,B
24,85,B
39,42,B
77,100,A
12,77,B
50,99,A
58,77,B
75,96,A
79,59,B
92,87,A
61,52,B
68,88,A
12,52,C
17,71,B
14,14,C
43,19,C
80,31,B
25,53,C
68,39,B
22,30,C
18,41,C
99,30,B
57,87,A
70,41,B
97,52,A
62,69,B
34,64,B
31,55,B
20,66,B
23,27,C
71,88,A
15,45,C
20,56,C
32,32,C
31,48,C
13,24,C
91,75,A
64,98,A
73,79,A
52,18,C
35,79,B
33,53,B
87,63,A
76,73,A
45,50,B
97,100,A
15,42,C
72,11,B
93,65,A
74,78,A
11,22,C
42,70,B
17,50,C
80,69,A
69,66,B
24,57,B
10,15,C
26,73,B
90,64,A
17,64,B
27,21,C
50,68,B
75,53,B
57,93,A
42,92,B
51,70,B
27,73,B
25,54,C
57,54,B
68,98,A
65,55,B
31,69,B
47,17,C
43,73,B
18,69,B
88,85,A
57,66,B
42,36,C
64,80,A
98,41,B
91,55,A
79,46,B
21,68,B
80,22,B
27,85,B
30,75,B
44,84,B
49,73,B
49,59,B
33,72,B
66,78,A
59,44,B
36,47,B
73,89,A
73,35,B
100,85,A
61,77,B
89,24,B
76,69,A
92,29,B
11,99,B
30,26,C
51,94,A
75,42,B
85,11,B
71,64,B
16,57,C
55,83,B
44,49,B
89,98,A
76,67,A
53,45,B
70,31,B
25,80,B
16,96,B
82,76,A
45,35,B
69,54,B
97,45,A
84,66,A
84,68,A
94,99,A
76,46,B
97,94,A
11,57,C
78,53,B
75,92,A
50,10,C
35,42,C
78,17,B
84,38,B
49,77,B
21,12,C
24,86,B
66,49,B
95,28,B
45,72,B
31,56,B
27,46,C
69,32,B
91,29,B
26,76,B
87,85,A
37,10,C
32,84,B
80,72,A
73,97,A
59,65,B
26,61,B
48,100,A
41,10,C
35,27,C
69,98,A
68,50,B
14,41,C
24,48,C
69,83,A
30,64,B
36,67,B
92,27,B
60,94,A
14,21,C
21,85,B
10,67,C
15,29,C
92,69,A
27,63,B
35,17,C
76,67,A
47,70,B
60,34,B
96,36,B
51,65,B
10,56,C
13,79,B
65,88,A
10,52,C
48,96,A
83,72,A
47,50,B
81,58,B
59,64,B
75,32,B
70,40,B
59,35,B
38,94,B
32,38,C
88,75,A
15,99,B
45,72,B
88,78,A
50,22,C
73,29,B
59,90,A
28,41,C
78,33,B
10,81,B
81,79,A
31,46,C
60,16,C
78,33,B
83,38,B
40,21,C
92,60,A
80,71,A
17,70,B
78,31,B
36,55,B
86,36,B
72,29,B
31,91,B
75,83,A
83,83,A
38,27,C
29,64,B
96,95,A
51,75,B
88,55,A
29,58,B
77,38,B
83,74,A
11,95,B
20,43,C
78,34,B
82,29,B
65,26,B
31,48,C
51,51,B
41,14,C
68,53,B
73,27,B
24,38,C
30,72,B
96,53,A
95,84,A
53,41,B
11,37,C
21,83,B
56,34,B
25,19,C
73,57,B
67,48,B
14,70,B
89,81,A
90,11,B
69,24,B
78,92,A
21,45,C
73,91,A
32,67,B
22,99,B
17,60,C
99,36,B
14,93,B
33,38,C
43,32,C
81,88,A
85,24,B
96,83,A
62,28,B
49,72,B
35,35,C
37,69,B
99,82,A
72,46,B
51,50,B
98,30,B
55,59,B
26,26,C
34,57,B
28,64,B
60,70,B
49,20,C
12,74,B
68,23,B
50,79,B
28,30,C
90,84,A
39,45,B
41,50,B
95,89,A
97,14,B
45,99,A
62,85,A
70,78,A
45,26,C
27,79,B
71,16,B
71,48,B
14,52,C
59,23,B
93,11,B
56,77,B
33,32,C
73,28,B
16,90,B
34,16,C
52,36,B
79,43,B
47,33,B
69,62,B
86,84,A
57,72,B
46,60,B
18,88,B
17,77,B
78,49,B
48,92,A
22,47,C
85,42,B
40,41,B
10,39,C
16,23,C
80,29,B
74,30,B
89,77,A
96,99,A
50,32,B
22,15,C
81,32,B
89,23,B
43,33,C
49,95,A
89,90,A
61,48,B
20,47,C
42,79,B
11,66,C
61,39,B
44,50,B
10,44,C
44,30,C
85,93,A
52,42,B
14,82,B
57,61,B
24,36,C
49,77,B
23,61,B
61,24,B
43,18,C
19,29,C
31,38,C
29,70,B
51,67,B
33,32,C
65,86,A
49,89,B
47,12,C
38,91,B
31,26,C
32,87,B
82,79,A
77,84,A
25,13,C
81,94,A
40,91,B
22,53,C
18,22,C
21,75,B
38,88,B
48,65,B
15,68,B
82,32,B
35,61,B
33,60,B
34,80,B
81,75,A
16,97,B
99,76,A
71,92,A
21,75,B
94,23,B
17,32,C
54,87,A
59,79,B
17,62,C
74,61,B
95,78,A
48,56,B
72,45,B
24,72,B
42,47,B
69,17,B
33,49,B
99,80,A
38,47,B
23,74,B
67,58,B
12,58,C
17,67,B
82,69,A
23,14,C
84,78,A
74,16,B
44,55,B
56,70,B
79,44,B
60,86,A
14,58,C
74,62,B
45,15,C
17,77,B
82,79,A
77,82,A
93,57,A
84,51,B
96,34,B
61,83,A
48,94,A
59,18,C
68,73,A
44,44,B
68,58,B
71,36,B
37,72,B
84,45,B
17,84,B
27,37,C
34,100,B
99,48,A
41,44,B
98,17,B
99,88,A
61,16,C
74,44,B
38,83,B
11,65,C
79,48,B
29,91,B
61,33,B
23,63,B
15,14,C
62,79,A
85,44,B
25,15,C
15,83,B
21,67,B
11,81,B
13,38,C
47,100,A
80,39,B
68,25,B
95,45,A
28,89,B
20,37,C
83,35,B
86,81,A
11,83,B
14,21,C
59,65,B
40,85,B
27,18,C
40,19,C
75,52,B
76,36,B
27,15,C
11,70,B
96,17,B
14,39,C
86,85,A
18,82,B
87,67,A
75,18,B
34,95,B
80,46,B
99,15,B
21,18,C
23,64,B
47,78,B
69,53,B
89,57,A
12,37,C
40,82,B
86,15,B
91,62,A
41,71,B
41,42,B
40,80,B
36,72,B
41,48,B
71,23,B
94,75,A
30,58,B
50,12,C
86,15,B
56,73,B
91,61,A
68,86,A
68,50,B
82,14,B
58,93,A
36,99,B
14,57,C
76,19,B
79,46,B
100,54,A
92,61,A
97,80,A
13,97,B
35,22,C
28,47,C
76,21,B
60,58,B
86,63,A
87,70,A
66,93,A
87,57,A
36,28,C
39,50,B
92,95,A
39,81,B
91,72,A
16,36,C
54,78,B
45,13,C
90,11,B
51,29,B
79,68,A
43,76,B
70,63,B
88,15,B
34,89,B
27,29,C
48,70,B
30,71,B
11,49,C
54,25,C
47,51,B
48,40,B
24,40,C
61,91,A
25,93,B
62,20,B
63,36,B
34,98,B
36,98,B
96,77,A
55,98,A
69,15,B
31,42,C
35,42,C
21,42,C
66,88,A
35,58,B
63,54,B
89,49,B
57,90,A
69,46,B
28,54,B
93,31,B
44,54,B
46,94,A
24,90,B
58,97,A
31,77,B
52,41,B
46,55,B
40,54,B
59,59,B
61,30,B
56,12,C
40,23,C
14,81,B
69,24,B
97,100,A
83,64,A
35,42,C
14,76,B
34,73,B
23,52,C
88,74,A
95,77,A
97,99,A
13,36,C
87,46,B
23,29,C
66,79,A
57,49,B
89,16,B
40,99,B
86,59,A
23,96,B
63,100,A
21,84,B
52,88,A
70,54,B
15,48,C
40,63,B
71,21,B
24,11,C
100,14,B
48,70,B
30,23,C
75,60,B
67,54,B
26,71,B
31,76,B
73,40,B
32,73,B
61,83,A
55,35,B
16,14,C
17,42,C
74,62,B
47,74,B
93,68,A
11,68,C
39,38,C
97,10,B
56,45,B
93,71,A
38,63,B
99,19,B
27,64,B
63,31,B
26,95,B
41,23,C
28,58,B
75,38,B
95,56,A
65,82,A
72,77,A
24,50,C
82,76,A
79,34,B
29,70,B
29,13,C
56,99,A
21,25,C
61,44,B
26,64,B
78,34,B
39,32,C
33,76,B
20,39,C
82,69,A
76,59,B
87,49,B
21,98,B
40,63,B
12,20,C
64,64,B
54,70,B
33,12,C
64,63,B
49,55,B
80,57,B
10,54,C
75,50,B
92,43,B
85,72,A
13,32,C
93,62,A
30,85,B
34,67,B
27,53,B
36,48,B
99,19,B
76,98,A
29,76,B
99,82,A
60,94,A
93,73,A
80,35,B
72,27,B
100,34,B
93,13,B
73,45,B
46,72,B
31,81,B
57,31,B
53,89,A
40,15,C
82,35,B
84,16,B
72,40,B
92,75,A
79,58,B
88,75,A
27,21,C
92,67,A
59,19,C
69,78,A
31,67,B
22,18,C
42,63,B
96,40,B
41,100,A
94,37,B
58,19,C
16,23,C
79,14,B
18,100,B
32,96,B
88,72,A
92,45,B
18,71,B
70,56,B
35,96,B
84,30,B
55,38,B
77,54,B
42,77,B
39,78,B
59,48,B
83,22,B
37,69,B
19,53,C
79,22,B
26,51,C
49,24,C
85,12,B
58,13,C
16,94,B
77,63,A
29,18,C
99,42,A
59,73,B
95,11,B
29,49,C
27,46,C
35,38,C
95,77,A
79,75,A
61,78,B
11,55,C
76,11,B
67,65,B
75,36,B
24,97,B
57,99,A
11,85,B
58,86,A
87,84,A
74,65,B
93,54,A
60,49,B
17,65,B
98,53,A
60,95,A
17,17,C
69,64,B
89,11,B
80,85,A
57,72,B
48,89,B
86,96,A
88,98,A
59,91,A
94,60,A
78,59,B
81,93,A
39,67,B
85,27,B
67,10,C
11,25,C
23,51,C
97,86,A
77,37,B
28,92,B
63,57,B
32,38,C
67,17,B
27,93,B
67,93,A
55,11,C
89,67,A
71,33,B
47,52,B
47,35,B
42,84,B
49,47,B
91,98,A
33,77,B
73,77,A
27,62,B
49,87,B
61,47,B
35,16,C
49,14,C
51,27,C
77,94,A
60,69,B
37,61,B
95,50,A
27,77,B
44,79,B
48,62,B
85,36,B
44,57,B
85,83,A
15,44,C
47,23,C
21,97,B
70,33,B
66,97,A
40,48,B
38,49,B
35,97,B
81,32,B
83,49,B
47,52,B
89,17,B
59,27,B
47,10,C
34,90,B
55,14,C
61,23,B
86,10,B
100,23,B
68,74,A
12,32,C
77,78,A
59,11,C
95,96,A
35,12,C
40,99,B
53,70,B
68,100,A
87,32,B
87,21,B
45,80,B
20,44,C
68,79,A
62,94,A
77,32,B
39,42,B
36,23,C
72,18,B
52,27,C
39,98,B
13,12,C
70,75,A
64,96,A
25,57,B
27,81,B
30,81,B
72,29,B
10,16,C
86,72,A
19,79,B
49,45,B
64,33,B
42,31,C
38,39,C
57,42,B
87,61,A
38,74,B
60,42,B
49,47,B
95,75,A
11,78,B
81,90,A
25,76,B
99,43,A
34,42,C
18,33,C
92,59,A
93,47,A
56,82,B
23,99,B
61,94,A
86,58,A
100,19,B
47,62,B
16,74,B
63,10,C
53,13,C
16,44,C
86,61,A
71,94,A
46,90,B
50,57,B
66,86,A
57,25,B
53,99,A
25,96,B
89,70,A
95,55,A
53,96,A
16,66,B
99,51,A
11,50,C
73,84,A
21,62,B
28,96,B
95,48,A
77,50,B
77,43,B
67,22,B
91,60,A
64,29,B
53,88,A
25,54,C
23,32,C
51,18,C
94,83,A
13,46,C
71,98,A
74,72,A
17,61,C
45,46,B
10,48,C
31,29,C
35,22,C
64,88,A
49,26,C
37,54,B
49,52,B
52,17,C
67,53,B
62,74,B
49,32,B
53,29,B
36,13,C
80,75,A
96,64,A
89,26,B
53,49,B
45,36,B
41,26,C
12,99,B
21,22,C
69,19,B
11,62,C
25,56,B
27,55,B
88,93,A
90,71,A
71,81,A
50,92,A
25,28,C
71,27,B
14,57,C
87,98,A
49,48,B
61,17,C
37,13,C
91,39,B
21,47,C
35,58,B
83,79,A
57,24,B
33,53,B
74,81,A
69,45,B
57,38,B
19,66,B
11,57,C
52,35,B
86,54,A
33,75,B
87,10,B
100,42,A
11,85,B
72,73,A
97,99,A
59,72,B
10,68,C
77,11,B
18,72,B
51,89,A
98,54,A
33,73,B
90,45,B
44,11,C
82,80,A
38,13,C
29,73,B
58,23,B
48,50,B
78,59,B
14,58,C
47,46,B
37,22,C
83,26,B
55,91,A
74,40,B
25,70,B
51,74,B
52,81,B
23,18,C
75,45,B
34,79,B
53,69,B
68,45,B
65,100,A
83,38,B
79,65,A
55,46,B
36,13,C
78,98,A
22,28,C
94,51,A
78,85,A
64,96,A
69,85,A
34,70,B
42,18,C
46,75,B
61,84,A
53,39,B
75,93,A
90,95,A
95,100,A
36,70,B
12,76,B
51,85,B
23,87,B
75,63,B
39,54,B
15,81,B
24,95,B
86,43,B
24,18,C
36,59,B
79,31,B
70,46,B
42,38,B
68,52,B
60,28,B
42,84,B
17,42,C
98,77,A
86,26,B
13,31,C
83,67,A
73,27,B
60,39,B
93,91,A
31,62,B
11,36,C
70,86,A
30,97,B
21,20,C
69,98,A
93,76,A
75,74,A
22,16,C
36,36,C
89,87,A
78,18,B
83,29,B
69,65,B
55,61,B
63,65,B
34,62,B
32,37,C
46,87,B
16,68,B
64,26,B
17,58,C
13,54,C
20,43,C
60,86,A
11,12,C
67,17,B
47,99,A
69,46,B
60,89,A
37,86,B
47,12,C
48,91,B
93,89,A
97,81,A
51,86,B
69,74,A
82,10,B
75,76,A
28,77,B
78,19,B
79,11,B
91,33,B
53,66,B
55,88,A
90,41,B
100,13,B
90,100,A
95,52,A
25,70,B
65,69,B
52,92,A
54,33,B
68,60,B
34,44,C
88,83,A
40,88,B
92,80,A
75,54,B
68,80,A
62,82,A
94,13,B
78,27,B
83,75,A
42,83,B
98,46,A
65,17,B
59,89,A
32,46,C
75,77,A
28,26,C
85,64,A
89,25,B
58,16,C
52,50,B
66,51,B
14,82,B
21,93,B
24,67,B
36,83,B
40,13,C
22,27,C
36,33,C
52,47,B
91,23,B
80,31,B
19,49,C
50,85,B
78,17,B
26,41,C
16,99,B
74,42,B
73,57,B
94,29,B
21,84,B
96,98,A
81,71,A
76,77,A
18,23,C
42,96,B
97,48,A
61,75,B
33,38,C
21,66,B
85,87,A
79,89,A
55,48,B
66,45,B
36,15,C
72,70,A
68,65,B
50,10,C
42,21,C
20,94,B
37,35,C
90,66,A
14,34,C
98,52,A
81,89,A
42,93,B
47,82,B
26,69,B
30,63,B
60,13,C
93,87,A
89,85,A
87,88,A
16,89,B
20,57,C
14,22,C
40,19,C
85,63,A
30,76,B
10,93,B
71,12,B
75,82,A
58,38,B
66,32,B
46,26,C
95,27,B
66,53,B
26,97,B
48,84,B
38,51,B
31,14,C
40,93,B
49,28,C
38,59,B
23,53,C
89,56,A
73,14,B
90,41,B
33,55,B
17,33,C
79,71,A
31,10,C
38,40,C
38,42,B
52,71,B
29,13,C
81,44,B
56,23,C
76,67,A
72,87,A
43,19,C
48,27,C
80,87,A
54,31,B
83,38,B
45,10,C
72,63,B
28,32,C
98,23,B
60,48,B
81,90,A
11,28,C
74,95,A
32,47,C
51,27,C
75,79,A
96,64,A
23,41,C
20,97,B
25,62,B
85,98,A
97,95,A
30,84,B
26,11,C
28,19,C
23,14,C
35,65,B
46,38,B
17,100,B
88,62,A
93,15,B
61,39,B
88,25,B
33,30,C
72,25,B
28,44,C
72,71,A
28,47,C
11,12,C
52,65,B
60,75,B
99,37,B
94,48,A
23,47,C
85,94,A
71,15,B
18,63,B
89,34,B
34,70,B
92,76,A
39,96,B
87,42,B
78,32,B
99,37,B
42,22,C
84,22,B
51,90,A
29,72,B
43,22,C
34,10,C
20,45,C
65,82,A
83,35,B
40,13,C
33,23,C
69,73,A
48,24,C
19,58,C
48,57,B
84,86,A
56,20,C
56,74,B
12,71,B
40,80,B
14,74,B
54,93,A
97,23,B
68,44,B
57,20,C
53,98,A
23,72,B
85,43,B
54,55,B
69,22,B
60,77,B
15,48,C
10,32,C
79,75,A
20,77,B
11,61,C
80,66,A
54,88,A
86,92,A
54,29,B
57,86,A
41,36,C
66,82,A
65,29,B
84,40,B
56,79,B
15,94,B
71,57,B
52,64,B
32,54,B
25,45,C
51,49,B
74,46,B
68,54,B
98,86,A
61,25,B
66,68,B
36,73,B
52,12,C
67,88,A
67,81,A
24,30,C
73,18,B
100,43,A
64,67,B
47,12,C
31,56,B
16,100,B
17,72,B
59,97,A
67,34,B
50,45,B
99,23,B
67,66,B
34,69,B
97,15,B
77,10,B
95,87,A
15,43,C
43,40,B
75,58,B
84,65,A
62,66,B
91,33,B
68,22,B
88,73,A
77,83,A
46,32,C
30,58,B
72,53,B
81,51,B
23,18,C
36,75,B
31,87,B
77,69,A
41,22,C
35,69,B
33,55,B
30,52,B
66,32,B
78,71,A
91,65,A
90,32,B
62,72,B
68,83,A
85,37,B
28,43,C
20,54,C
81,76,A
79,91,A
51,45,B
30,95,B
45,65,B
74,48,B
90,21,B
25,20,C
25,49,C
88,91,A
82,91,A
37,59,B
24,17,C
77,11,B
34,59,B
70,75,A
25,36,C
57,14,C
50,54,B
16,59,C
67,97,A
75,95,A
14,94,B
41,10,C
13,40,C
89,91,A
49,31,B
59,83,A
71,93,A
60,70,B
80,31,B
79,44,B
55,62,B
13,50,C
19,96,B
24,73,B
47,67,B
16,49,C
83,22,B
50,62,B
77,17,B
79,97,A
32,92,B
87,51,B
12,68,B
98,84,A
40,71,B
97,72,A
36,57,B
24,64,B
83,46,B
55,92,A
26,33,C
79,58,B
87,71,A
60,52,B
73,82,A
20,76,B
25,18,C
81,71,A
75,44,B
74,85,A
31,46,C
57,26,B
12,30,C
55,89,A
96,74,A
48,75,B
14,28,C
33,21,C
33,29,C
40,50,B
35,51,B
60,36,B
36,49,B
90,31,B
98,76,A
59,65,B
21,22,C
65,84,A
90,11,B
12,56,C
20,21,C
18,71,B
10,77,B
26,74,B
60,15,C
47,16,C
22,44,C
16,31,C
59,35,B
48,52,B
36,14,C
20,12,C
69,48,B
42,39,B
94,99,A
59,73,B
12,98,B
75,55,B
35,77,B
56,61,B
10,41,C
65,39,B
84,42,B
43,76,B
11,50,C
53,91,A
42,62,B
97,59,A
85,28,B
16,68,B
43,100,A
59,54,B
12,40,C
86,65,A
39,20,C
38,70,B
82,19,B
77,64,A
34,69,B
84,90,A
10,26,C
90,60,A
57,63,B
63,10,C
98,61,A
39,10,C
87,100,A
53,26,C
90,50,A
78,72,A
40,10,C
43,10,C
79,98,A
42,59,B
87,65,A
21,18,C
46,19,C
51,34,B
27,85,B
100,96,A
28,50,C
61,81,A
42,79,B
48,14,C
79,52,B
66,89,A
70,48,B
47,99,A
39,79,B
69,39,B
97,27,B
32,43,C
50,41,B
87,90,A
48,11,C
27,71,B
59,76,B
97,41,B
97,51,A
93,35,B
49,26,C
90,80,A
36,34,C
52,15,C
88,38,B
73,91,A
41,67,B
57,72,B
88,18,B
49,52,B
61,38,B
75,16,B
78,51,B
80,42,B
92,22,B
89,63,A
55,38,B
77,84,A
53,40,B
27,66,B
95,33,B
67,21,B
69,23,B
42,64,B
97,48,A
18,79,B
67,10,C
23,30,C
91,12,B
89,52,A
81,90,A
67,82,A
76,13,B
80,50,B
97,58,A
88,20,B
43,77,B
96,62,A
15,92,B
86,55,A
11,42,C
49,19,C
51,68,B
61,90,A
94,83,A
78,27,B
85,67,A
27,90,B
66,85,A
10,68,C
30,62,B
29,31,C
88,37,B
15,80,B
73,96,A
91,76,A
91,30,B
24,20,C
62,28,B
48,29,C
34,39,C
13,22,C
55,13,C
100,26,B
47,21,C
85,20,B
66,25,B
80,42,B
12,54,C
89,51,A
75,65,A
84,61,A
60,44,B
94,100,A
33,33,C
22,35,C
23,45,C
68,90,A
71,38,B
97,63,A
80,39,B
44,86,B
31,26,C
29,54,B
98,89,A
97,44,A
68,21,B
10,22,C
45,65,B
41,36,C
47,11,C
41,52,B
84,59,A
24,42,C
42,56,B
91,71,A
29,41,C
43,31,C
49,28,C
96,23,B
69,16,B
56,76,B
69,46,B
95,90,A
65,76,A
16,11,C
52,91,A
46,32,C
27,96,B
64,87,A
46,75,B
64,79,A
96,23,B
48,83,B
88,24,B
40,85,B
60,83,A
84,80,A
74,98,A
100,48,A
36,91,B
96,79,A
48,94,A
87,76,A
47,98,A
79,20,B
38,28,C
58,91,A
85,100,A
84,77,A
59,32,B
34,24,C
15,31,C
39,58,B
42,39,B
100,67,A
38,26,C
64,31,B
32,11,C
55,21,C
87,93,A
97,36,B
20,76,B
60,47,B
82,85,A
24,83,B
53,27,B
99,97,A
99,54,A
53,67,B
83,48,B
77,98,A
56,99,A
88,91,A
49,62,B
18,46,C
88,56,A
55,58,B
80,23,B
93,36,B
86,22,B
57,75,B
42,100,A
88,64,A
56,15,C
100,58,A
89,21,B
89,77,A
10,97,B
52,81,B
79,97,A
13,67,B
23,57,B
15,56,C
13,74,B
73,84,A
26,91,B
60,67,B
98,50,A
29,99,B
73,80,A
94,70,A
98,83,A
21,62,B
94,75,A
37,89,B
20,100,B
21,89,B
57,26,B
48,27,C
20,31,C
32,90,B
58,84,A
18,45,C
70,82,A
21,92,B
37,61,B
24,77,B
60,71,B
49,24,C
47,95,A
46,36,B
86,49,B
96,65,A
80,59,B
27,28,C
16,27,C
90,12,B
14,97,B
93,91,A
98,43,A
63,42,B
11,56,C
57,88,A
92,61,A
26,24,C
16,12,C
21,82,B
35,87,B
46,83,B
70,88,A
74,64,B
20,21,C
15,40,C
38,18,C
31,36,C
38,19,C
92,51,A
59,86,A
62,88,A
87,17,B
62,14,C
83,97,A
67,38,B
69,40,B
87,87,A
34,69,B
79,31,B
26,35,C
32,41,C
81,59,A
60,73,B
92,80,A
74,49,B
53,80,B
11,97,B
69,40,B
71,71,A
51,83,B
23,75,B
44,29,C
64,64,B
30,73,B
55,57,B
85,94,A
47,42,B
51,34,B
76,81,A
93,83,A
73,38,B
57,32,B
82,24,B
14,60,C
49,77,B
70,25,B
69,41,B
63,21,B
78,95,A
91,60,A
98,100,A
68,68,B
43,84,B
30,25,C
79,74,A
33,89,B
48,12,C
54,94,A
79,38,B
14,34,C
69,99,A
44,51,B
60,73,B
33,68,B
69,70,B
30,80,B
82,38,B
88,89,A
73,87,A
40,77,B
15,27,C
65,43,B
93,90,A
94,55,A
24,48,C
18,55,C
61,66,B
63,66,B
34,66,B
43,94,B
11,80,B
78,26,B
98,93,A
90,28,B
94,51,A
20,50,C
92,28,B
80,75,A
65,18,B
23,51,C
22,48,C
11,32,C
70,48,B
25,32,C
16,45,C
39,41,B
65,36,B
64,96,A
17,79,B
17,53,C
24,22,C
75,17,B
94,94,A
65,52,B
23,49,C
21,91,B
26,52,C
92,15,B
37,60,B
36,96,B
93,81,A
16,95,B
92,54,A
68,79,A
53,60,B
29,83,B
84,92,A
100,72,A
31,81,B
36,60,B
43,100,A
66,29,B
73,61,B
99,66,A
59,18,C
31,60,B
82,23,B
41,98,B
31,22,C
28,24,C
40,28,C
91,71,A
23,46,C
15,77,B
50,17,C
39,92,B
14,22,C
20,88,B
56,18,C
52,26,C
61,78,B
28,29,C
64,40,B
14,55,C
34,73,B
53,49,B
42,80,B
18,62,B
67,24,B
60,72,B
57,24,B
72,73,A
14,76,B
31,48,C
28,52,B
95,84,A
72,67,B
95,67,A
94,35,B
83,42,B
89,60,A
84,82,A
95,68,A
100,60,A
80,96,A
82,98,A
14,82,B
47,11,C
74,41,B
10,25,C
65,58,B
69,33,B
88,43,B
68,84,A
84,80,A
52,54,B
82,58,A
25,59,B
75,79,A
91,14,B
61,34,B
13,62,C
10,19,C
30,63,B
63,38,B
75,72,A
17,21,C
93,79,A
33,92,B
24,22,C
62,58,B
14,55,C
34,100,B
79,61,A
83,39,B
95,79,A
61,16,C
95,46,A
87,45,B
13,97,B
46,89,B
10,99,B
90,74,A
92,57,A
93,16,B
56,28,B
53,84,B
48,20,C
74,25,B
35,49,B
54,22,C
21,99,B
59,71,B
22,76,B
92,41,B
77,75,A
62,94,A
40,85,B
48,25,C
88,53,A
38,15,C
95,32,B
41,34,C
51,46,B
13,93,B
94,52,A
51,44,B
83,52,B
21,99,B
54,85,B
62,66,B
82,37,B
27,29,C
20,70,B
37,100,B
39,29,C
12,100,B
68,13,B
42,98,A
92,11,B
70,71,A
73,61,B
65,50,B
80,43,B
40,51,B
62,37,B
94,30,B
16,27,C
11,95,B
67,42,B
72,29,B
77,93,A
16,51,C
87,31,B
57,90,A
63,61,B
18,88,B
37,15,C
79,78,A
18,38,C
10,57,C
45,18,C
24,30,C
75,38,B
84,58,A
62,40,B
19,100,B
35,17,C
38,16,C
42,45,B
69,54,B
95,89,A
27,58,B
77,90,A
14,74,B
29,31,C
94,96,A
12,12,C
48,90,B
51,91,A
93,13,B
37,24,C
11,26,C
58,32,B
62,35,B
20,69,B
12,48,C
99,46,A
32,79,B
69,96,A
72,13,B
95,82,A
12,80,B
34,50,B
59,54,B
88,47,B
63,18,B
47,72,B
62,70,B
47,79,B
57,67,B
32,100,B
67,84,A
32,74,B
45,75,B
52,12,C
60,48,B
51,30,B
26,85,B
13,78,B
24,90,B
99,58,A
91,58,A
66,56,B
49,35,B
75,76,A
13,51,C
93,70,A
70,21,B
93,60,A
25,94,B
44,89,B
31,62,B
24,46,C
24,99,B
13,65,C
58,70,B
78,91,A
75,29,B
13,51,C
55,53,B
42,89,B
100,55,A
29,89,B
43,74,B
98,70,A
75,81,A
45,44,B
28,49,C
38,96,B
78,71,A
41,29,C
38,16,C
47,68,B
37,42,C
92,20,B
61,33,B
72,63,B
94,34,B
93,60,A
26,94,B
21,53,C
34,22,C
86,36,B
14,41,C
46,20,C
76,13,B
17,25,C
30,28,C
14,34,C
25,53,C
55,68,B
15,97,B
88,99,A
73,55,B
53,17,C
71,75,A
71,94,A
80,55,B
28,83,B
38,98,B
22,83,B
30,68,B
70,96,A
63,39,B
87,81,A
100,70,A
41,93,B
80,39,B
55,25,B
29,63,B
90,71,A
88,57,A
87,98,A
38,66,B
21,87,B
59,81,A
32,88,B
26,78,B
80,52,B
39,77,B
24,81,B
12,36,C
54,19,C
63,78,A
27,42,C
57,34,B
69,88,A
25,92,B
52,76,B
22,22,C
24,59,B
64,87,A
58,26,B
97,40,B
30,84,B
85,42,B
73,27,B
92,16,B
17,84,B
25,50,C
24,20,C
76,29,B
21,97,B
64,18,B
70,72,A
57,39,B
86,79,A
72,93,A
29,93,B
12,12,C
55,68,B
18,69,B
10,62,C
31,34,C
10,84,B
91,56,A
82,86,A
45,22,C
88,40,B
93,91,A
25,87,B
58,36,B
34,19,C
77,47,B
66,96,A
61,75,B
30,82,B
43,98,A
15,44,C
45,77,B
100,80,A
19,31,C
86,41,B
16,65,B
14,63,C
89,93,A
47,78,B
36,42,C
89,65,A
82,51,B
54,56,B
12,91,B
44,93,B
93,44,B
23,33,C
48,10,C
87,28,B
74,49,B
76,39,B
53,55,B
73,57,B
59,94,A
94,79,A
43,67,B
55,15,C
49,54,B
24,64,B
87,100,A
67,66,B
45,12,C
80,52,B
39,22,C
98,37,B
41,72,B
34,24,C
18,84,B
64,19,B
75,30,B
37,31,C
34,90,B
43,19,C
57,86,A
88,75,A
55,98,A
45,27,C
87,12,B
73,74,A
22,65,B
25,62,B
19,83,B
51,51,B
14,45,C
45,20,C
36,37,C
72,15,B
55,83,B
89,60,A
68,75,A
16,26,C
61,42,B
10,79,B
59,64,B
91,79,A
37,23,C
100,33,B
62,53,B
30,76,B
66,62,B
17,32,C
83,78,A
45,60,B
83,59,A
97,100,A
91,28,B
75,81,A
43,70,B
69,61,B
50,47,B
52,85,B
86,74,A
18,65,B
74,56,B
55,73,B
65,78,A
62,100,A
26,18,C
37,34,C
57,36,B
60,26,B
87,96,A
88,65,A
13,54,C
97,79,A
28,72,B
67,25,B
89,48,B
100,75,A
45,38,B
11,85,B
92,51,A
80,18,B
10,12,C
45,89,B
28,20,C
83,73,A
52,79,B
40,95,B
24,50,C
48,47,B
32,39,C
27,91,B
28,38,C
84,65,A
58,89,A
83,19,B
99,41,A
100,18,B
39,80,B
17,11,C
100,82,A
14,79,B
97,64,A
21,44,C
17,51,C
97,44,A
58,79,B
43,37,B
57,95,A
23,50,C
62,29,B
70,67,B
75,94,A
91,39,B
92,25,B
30,27,C
68,51,B
44,42,B
78,10,B
15,99,B
42,23,C
24,89,B
28,19,C
33,46,C
69,32,B
67,39,B
53,50,B
44,24,C
15,75,B
39,46,B
28,23,C
52,17,C
77,92,A
82,75,A
54,69,B
26,46,C
50,100,A
73,23,B
19,41,C
76,36,B
26,43,C
30,79,B
51,96,A
78,23,B
67,79,A
24,28,C
93,13,B
27,40,C
88,19,B
42,65,B
96,47,A
16,55,C
70,62,B
53,75,B
40,82,B
66,82,A
72,14,B
23,19,C
39,18,C
79,99,A
57,93,A
73,10,B
83,43,B
42,47,B
17,20,C
50,51,B
15,72,B
84,46,B
16,79,B
41,71,B
52,26,C
80,42,B
58,15,C
42,41,B
11,31,C
11,57,C
19,95,B
23,91,B
48,96,A
59,25,B
63,94,A
91,22,B
96,84,A
64,91,A
47,53,B
46,40,B
88,63,A
35,82,B
16,82,B
97,35,B
57,15,C
50,60,B
26,19,C
26,14,C
45,39,B
80,88,A
20,14,C
60,28,B
37,97,B
66,33,B
14,96,B
52,82,B
63,67,B
23,74,B
49,93,A
52,80,B
97,36,B
29,57,B
18,95,B
58,47,B
11,12,C
23,72,B
10,54,C
75,14,B
82,63,A
59,28,B
35,15,C
61,79,A
67,16,B
27,38,C
81,63,A
58,61,B
88,74,A
29,76,B
75,73,A
89,56,A
78,24,B
10,56,C
53,53,B
51,13,C
53,94,A
34,67,B
78,43,B
24,89,B
23,63,B
50,34,B
29,63,B
79,53,B
69,18,B
86,61,A
75,54,B
53,36,B
57,68,B
79,51,B
73,29,B
35,85,B
58,64,B
63,85,A
66,68,B
24,12,C
59,68,B
59,20,C
24,67,B
83,17,B
72,68,A
71,83,A
43,73,B
82,23,B
92,21,B
32,21,C
26,73,B
99,29,B
32,19,C
78,93,A
94,19,B
97,90,A
36,14,C
85,69,A
97,59,A
56,14,C
60,55,B
93,17,B
63,60,B
30,93,B
39,79,B
33,78,B
46,19,C
39,62,B
52,81,B
15,92,B
67,63,B
34,62,B
46,51,B
82,49,B
24,64,B
85,12,B
44,88,B
65,88,A
91,20,B
88,16,B
25,59,B
19,67,B
19,54,C
46,39,B
42,13,C
19,20,C
87,29,B
64,87,A
46,40,B
83,72,A
81,58,B
17,76,B
57,22,C
15,10,C
85,98,A
80,30,B
73,43,B
29,64,B
35,67,B
100,69,A
27,26,C
88,44,B
81,98,A
76,50,B
18,44,C
44,39,B
25,37,C
64,82,A
79,49,B
45,47,B
86,12,B
79,57,B
22,92,B
77,24,B
84,100,A
67,16,B
35,89,B
82,94,A
23,27,C
36,43,C
75,59,B
63,93,A
64,64,B
32,89,B
92,83,A
73,12,B
65,36,B
57,52,B
94,12,B
66,14,B
10,81,B
71,25,B
64,65,B
69,29,B
76,85,A
67,15,B
48,94,A
71,14,B
15,80,B
60,27,B
89,52,A
36,17,C
25,72,B
16,38,C
26,32,C
60,63,B
49,97,A
89,41,B
65,71,B
36,84,B
29,24,C
10,94,B
93,21,B
42,46,B
79,14,B
28,17,C
24,71,B
28,29,C
55,97,A
18,23,C
65,59,B
44,99,A
90,18,B
50,68,B
76,51,B
10,53,C
20,60,B
68,58,B
96,23,B
53,45,B
13,52,C
18,80,B
37,75,B
64,31,B
55,58,B
85,69,A
32,26,C
84,49,B
33,64,B
27,36,C
67,100,A
61,67,B
54,22,C
81,60,A
38,45,B
87,37,B
26,59,B
24,58,B
68,89,A
81,40,B
67,86,A
62,22,B
14,34,C
97,49,A
78,10,B
99,26,B
28,72,B
38,54,B
76,20,B
96,26,B
92,84,A
48,25,C
10,16,C
100,26,B
51,65,B
56,62,B
19,31,C
46,56,B
93,22,B
22,45,C
27,73,B
43,34,C
14,10,C
66,17,B
78,24,B
88,81,A
68,16,B
59,38,B
70,17,B
43,16,C
84,58,A
47,38,B
61,29,B
78,93,A
93,14,B
29,42,C
98,67,A
76,39,B
40,95,B
80,39,B
45,81,B
19,96,B
28,31,C
51,12,C
48,82,B
19,33,C
80,16,B
50,31,B
66,23,B
22,51,C
13,25,C
61,42,B
92,23,B
37,83,B
43,40,B
12,78,B
96,29,B
57,39,B
25,64,B
88,44,B
16,22,C
12,37,C
77,15,B
71,40,B
13,33,C
92,98,A
46,77,B
74,92,A
70,14,B
25,83,B
15,30,C
72,82,A
33,44,C
18,83,B
46,13,C
59,43,B
47,71,B
36,72,B
10,79,B
65,35,B
16,38,C
29,75,B
18,41,C
16,10,C
39,58,B
53,15,C
59,46,B
30,81,B
31,86,B
20,51,C
99,64,A
97,58,A
80,68,A
52,70,B
60,75,B
93,90,A
85,71,A
94,29,B
49,98,A
85,46,B
18,78,B
93,93,A
26,54,B
74,54,B
56,55,B
35,39,C
69,73,A
81,27,B
68,30,B
10,35,C
66,63,B
81,40,B
91,42,B
79,24,B
14,95,B
63,93,A
33,98,B
90,39,B
73,87,A
43,49,B
20,48,C
81,66,A
74,87,A
89,67,A
89,42,B
81,71,A
85,70,A
31,16,C
87,69,A
94,79,A
18,64,B
69,66,B
10,47,C
82,93,A
55,11,C
95,81,A
11,78,B
60,30,B
27,39,C
34,88,B
46,88,B
87,76,A
71,35,B
68,48,B
25,41,C
47,93,A
61,78,B
38,59,B
58,80,B
46,42,B
55,73,B
49,82,B
34,36,C
60,91,A
39,74,B
10,13,C
55,86,A
70,84,A
29,65,B
32,48,B
16,20,C
12,81,B
65,59,B
36,97,B
62,29,B
63,45,B
19,89,B
33,80,B
45,14,C
40,76,B
34,44,C
36,100,B
95,58,A
73,22,B
31,72,B
42,52,B
100,19,B
74,69,A
31,80,B
51,45,B
100,23,B
26,66,B
53,83,B
14,91,B
88,56,A
24,85,B
46,24,C
19,52,C
16,41,C
44,87,B
29,20,C
67,35,B
100,39,B
50,99,A
20,96,B
41,28,C
92,68,A
96,27,B
83,49,B
27,92,B
87,32,B
32,63,B
94,27,B
21,97,B
48,16,C
67,57,B
29,98,B
82,32,B
42,84,B
74,15,B
36,25,C
54,91,A
28,11,C
40,15,C
82,64,A
10,44,C
72,13,B
44,57,B
80,88,A
85,99,A
75,32,B
97,22,B
91,49,A
87,76,A
60,50,B
79,29,B
55,77,B
91,17,B
14,42,C
27,70,B
64,42,B
35,57,B
99,11,B
47,77,B
72,33,B
97,18,B
67,98,A
24,89,B
45,41,B
82,90,A
85,33,B
73,99,A
87,98,A
26,70,B
39,33,C
71,43,B
11,56,C
60,86,A
70,77,A
63,56,B
61,46,B
77,87,A
32,72,B
100,87,A
74,41,B
33,35,C
72,21,B
85,69,A
46,68,B
64,90,A
13,34,C
63,31,B
15,95,B
74,86,A
81,74,A
36,98,B
59,23,B
53,70,B
70,19,B
92,25,B
92,51,A
94,91,A
96,45,A
23,20,C
83,80,A
17,64,B
51,92,A
89,25,B
94,66,A
71,73,A
49,76,B
81,63,A
100,87,A
40,14,C
96,90,A
87,53,A
26,94,B
94,74,A
18,50,C
68,50,B
99,37,B
16,23,C
72,90,A
90,87,A
92,19,B
89,85,A
22,69,B
69,95,A
20,10,C
66,35,B
39,15,C
38,71,B
42,24,C
35,13,C
13,56,C
60,91,A
60,12,C
66,98,A
12,48,C
35,86,B
70,73,A
34,44,C
10,99,B
100,79,A
44,54,B
18,42,C
56,62,B
97,76,A
16,71,B
50,64,B
36,85,B
93,28,B
24,48,C
47,80,B
11,71,B
43,45,B
61,11,C
26,88,B
77,32,B
60,62,B
86,52,B
32,84,B
19,67,B
33,21,C
79,62,A
21,17,C
44,49,B
75,70,A
81,32,B
74,37,B
88,12,B
46,58,B
64,20,B
30,53,B
71,49,B
69,47,B
37,100,B
15,30,C
56,13,C
84,73,A
80,11,B
20,46,C
87,94,A
16,26,C
77,69,A
18,50,C
67,10,C
90,34,B
38,25,C
31,52,B
34,44,C
12,74,B
16,21,C
57,28,B
64,48,B
86,97,A
54,43,B
31,58,B
28,69,B
64,26,B
31,80,B
92,76,A
82,39,B
38,42,B
54,94,A
94,53,A
11,82,B
69,34,B
38,48,B
30,49,C
36,43,C
72,29,B
59,91,A
30,59,B
41,80,B
82,93,A
67,92,A
58,13,C
59,13,C
28,16,C
14,99,B
98,29,B
54,95,A
84,70,A
35,23,C
48,31,C
30,38,C
43,41,B
36,88,B
40,74,B
11,34,C
60,82,A
91,21,B
31,35,C
34,67,B
87,86,A
36,44,B
85,50,B
87,67,A
74,81,A
16,81,B
64,18,B
75,96,A
16,40,C
77,71,A
77,25,B
87,55,A
18,96,B
44,51,B
56,12,C
57,16,C
78,93,A
20,61,B
89,36,B
64,83,A
62,92,A
62,73,B
82,49,B
36,41,C
66,57,B
99,31,B
16,51,C
89,54,A
79,58,B
37,13,C
48,67,B
22,46,C
84,93,A
53,87,A
69,83,A
58,82,A
29,19,C
74,40,B
95,45,A
59,53,B
74,22,B
17,17,C
35,25,C
85,24,B
36,10,C
29,77,B
23,89,B
72,65,B
84,34,B
20,83,B
27,45,C
83,20,B
55,21,C
85,52,B
89,50,B
51,52,B
30,95,B
49,49,B
87,21,B
63,27,B
66,84,A
34,82,B
13,30,C
32,90,B
32,34,C
29,45,C
13,77,B
46,96,A
96,81,A
85,32,B
88,28,B
13,72,B
30,74,B
26,45,C
46,16,C
14,30,C
74,49,B
99,99,A
28,90,B
73,88,A
79,87,A
56,69,B
51,72,B
86,82,A
21,64,B
97,13,B
93,96,A
60,63,B
15,16,C
79,69,A
94,35,B
84,88,A
49,40,B
99,11,B
76,14,B
19,75,B
73,28,B
45,25,C
61,72,B
26,91,B
32,100,B
24,72,B
43,62,B
67,39,B
55,23,C
55,54,B
94,94,A
51,16,C
52,30,B
98,28,B
36,37,C
29,97,B
26,46,C
92,85,A
44,81,B
57,14,C
46,46,B
71,71,A
61,32,B
71,95,A
41,100,A
44,80,B
82,94,A
54,88,A
41,26,C
55,85,A
61,19,B
40,67,B
52,62,B
33,10,C
32,68,B
98,83,A
75,84,A
13,45,C
54,81,B
36,11,C
10,70,B
53,35,B
57,56,B
14,74,B
82,62,A
86,92,A
53,20,C
63,36,B
18,47,C
11,42,C
100,64,A
86,33,B
84,38,B
27,26,C
86,99,A
83,38,B
64,13,C
83,97,A
22,53,C
96,85,A
41,64,B
79,11,B
14,43,C
96,43,B
12,13,C
43,52,B
90,95,A
13,71,B
45,86,B
72,70,A
20,85,B
52,10,C
18,49,C
25,22,C
46,71,B
97,46,A
35,21,C
67,30,B
86,48,B
91,40,B
12,43,C
46,48,B
59,20,C
27,98,B
44,93,B
67,12,C
72,88,A
25,17,C
73,93,A
15,27,C
34,81,B
98,36,B
34,93,B
100,58,A
55,34,B
77,44,B
15,50,C
15,53,C
48,60,B
44,17,C
96,38,B
18,87,B
18,35,C
13,11,C
92,46,B
43,49,B
65,68,B
74,26,B
96,37,B
35,31,C
70,71,A
14,22,C
59,46,B
77,87,A
21,63,B
36,60,B
98,68,A
74,65,B
12,72,B
55,54,B
88,56,A
44,86,B
77,72,A
27,97,B
85,31,B
25,98,B
68,29,B
14,22,C
97,85,A
51,24,C
94,60,A
71,85,A
27,75,B
22,39,C
65,53,B
77,76,A
66,39,B
81,82,A
44,16,C
46,84,B
35,97,B
98,81,A
20,44,C
84,45,B
62,62,B
39,78,B
50,78,B
88,100,A
61,14,C
71,24,B
95,36,B
85,89,A
92,66,A
66,75,A
78,65,A
60,23,B
41,76,B
66,82,A
30,81,B
52,43,B
33,28,C
69,61,B
69,84,A
92,30,B
42,64,B
94,36,B
85,98,A
98,76,A
89,63,A
20,17,C
22,11,C
60,99,A
12,27,C
90,87,A
42,78,B
48,61,B
26,34,C
69,76,A
11,88,B
56,71,B
100,20,B
90,82,A
67,57,B
10,12,C
54,78,B
82,49,B
88,79,A
42,33,C
60,48,B
15,39,C
23,19,C
15,100,B
37,57,B
55,79,B
23,81,B
52,86,B
30,47,C
41,46,B
62,69,B
58,86,A
17,60,C
53,15,C
82,61,A
96,13,B
30,41,C
38,29,C
22,64,B
23,85,B
12,16,C
72,22,B
53,33,B
30,36,C
53,92,A
12,72,B
41,46,B
98,47,A
86,96,A
49,30,C
92,52,A
90,80,A
40,24,C
99,58,A
83,76,A
54,83,B
21,74,B
49,63,B
62,74,B
88,96,A
84,74,A
22,80,B
59,61,B
88,16,B
42,78,B
11,65,C
94,50,A
50,99,A
49,49,B
55,86,A
48,32,B
23,58,B
33,58,B
95,30,B
83,43,B
59,46,B
11,56,C
21,23,C
20,20,C
60,73,B
44,60,B
38,90,B
46,53,B
14,48,C
62,34,B
74,25,B
88,86,A
53,99,A
12,77,B
55,44,B
70,43,B
58,44,B
14,44,C
25,44,C
68,100,A
34,83,B
41,47,B
97,93,A
54,18,C
93,91,A
63,65,B
45,25,C
88,32,B
86,16,B
37,73,B
52,82,B
55,49,B
26,35,C
92,60,A
67,52,B
29,22,C
88,56,A
61,76,B
78,92,A
76,22,B
69,26,B
96,13,B
66,62,B
18,73,B
98,39,B
45,57,B
35,24,C
71,75,A
91,90,A
41,65,B
61,26,B
84,71,A
51,18,C
25,74,B
50,60,B
62,96,A
11,53,C
46,91,B
46,19,C
43,59,B
19,83,B
16,38,C
14,11,C
49,71,B
55,20,C
22,43,C
63,87,A
19,93,B
35,67,B
45,32,C
18,88,B
63,75,B
86,71,A
14,22,C
20,90,B
53,35,B
86,50,B
15,27,C
22,28,C
12,55,C
34,66,B
55,25,B
32,20,C
21,91,B
20,17,C
37,57,B
33,49,B
66,59,B
59,54,B
26,47,C
24,24,C
93,98,A
64,87,A
41,51,B
39,99,B
17,47,C
65,54,B
97,11,B
86,16,B
53,47,B
23,26,C
84,30,B
35,56,B
75,15,B
35,91,B
91,44,B
64,42,B
29,35,C
11,92,B
77,57,B
74,44,B
58,58,B
82,37,B
100,45,A
81,58,B
54,74,B
54,24,C
26,66,B
55,60,B
13,97,B
62,92,A
13,19,C
55,17,C
55,21,C
28,43,C
66,43,B
63,17,B
93,55,A
91,45,B
55,25,B
100,41,A
39,27,C
62,48,B
91,75,A
46,34,B
25,96,B
97,22,B
17,82,B
33,53,B
82,65,A
30,64,B
88,46,B
64,57,B
85,81,A
47,30,C
21,64,B
26,84,B
87,61,A
39,57,B
73,16,B
86,93,A
41,48,B
54,47,B
46,78,B
13,80,B
72,73,A
78,17,B
92,22,B
74,40,B
64,15,C
80,73,A
58,20,C
34,91,B
50,13,C
32,48,B
80,46,B
98,68,A
82,47,B
50,55,B
28,36,C
45,85,B
87,12,B
79,18,B
75,61,B
25,46,C
34,75,B
81,39,B
49,62,B
12,85,B
14,68,B
85,19,B
15,29,C
13,22,C
43,77,B
78,91,A
39,68,B
39,43,B
57,48,B
40,43,B
96,83,A
98,71,A
72,98,A
81,83,A
54,87,A
64,94,A
44,81,B
50,52,B
40,61,B
66,22,B
58,90,A
44,85,B
70,20,B
92,37,B
77,60,B
93,99,A
36,46,B
21,90,B
94,80,A
24,73,B
83,35,B
58,56,B
45,27,C
83,85,A
19,57,C
77,77,A
95,21,B
85,86,A
90,52,A
56,67,B
91,95,A
81,94,A
64,72,B
38,19,C
60,42,B
59,12,C
94,92,A
40,98,B
89,36,B
94,78,A
91,96,A
25,82,B
67,37,B
59,71,B
20,96,B
80,83,A
37,94,B
24,53,C
45,38,B
59,35,B
39,19,C
65,91,A
86,54,A
30,87,B
45,97,A
48,86,B
98,70,A
84,25,B
93,27,B
30,40,C
58,84,A
51,20,C
51,60,B
59,31,B
54,50,B
84,81,A
53,53,B
67,48,B
64,75,B
40,68,B
12,62,C
99,49,A
30,80,B
78,18,B
31,39,C
32,19,C
24,64,B
11,80,B
42,58,B
15,39,C
71,23,B
17,93,B
11,73,B
86,66,A
93,93,A
44,72,B
76,42,B
77,60,B
39,33,C
26,52,C
45,85,B
10,90,B
77,87,A
62,65,B
71,85,A
39,15,C
15,63,C
63,62,B
78,80,A
29,77,B
85,44,B
43,90,B
70,22,B
18,72,B
47,23,C
93,49,A
94,71,A
19,83,B
98,18,B
17,24,C
65,42,B
98,75,A
66,31,B
10,28,C
23,42,C
87,14,B
27,19,C
46,34,B
39,84,B
37,36,C
18,38,C
67,58,B
53,23,C
28,70,B
15,19,C
67,45,B
80,82,A
28,18,C
33,87,B
31,45,C
23,10,C
25,21,C
28,51,C
22,90,B
73,91,A
36,97,B
60,11,C
24,41,C
15,49,C
35,77,B
100,28,B
22,54,C
80,56,B
94,82,A
91,91,A
64,97,A
31,74,B
29,10,C
79,31,B
86,25,B
24,77,B
21,16,C
89,33,B
56,49,B
48,67,B
86,49,B
78,46,B
98,59,A
16,18,C
85,16,B
89,72,A
27,56,B
94,55,A
48,88,B
41,17,C
55,31,B
43,61,B
25,29,C
74,18,B
58,28,B
57,78,B
23,97,B
13,92,B
61,30,B
10,10,C
96,67,A
13,15,C
28,23,C
100,74,A
25,19,C
46,64,B
91,57,A
70,58,B
56,55,B
100,71,A
59,15,C
20,79,B
25,73,B
96,72,A
47,28,C
38,74,B
20,56,C
63,56,B
79,72,A
37,88,B
27,88,B
25,58,B
49,30,C
13,99,B
91,73,A
73,48,B
49,66,B
48,67,B
11,51,C
66,73,B
84,38,B
66,15,B
75,55,B
76,79,A
32,100,B
66,53,B
65,17,B
61,67,B
46,37,B
50,60,B
82,35,B
67,26,B
24,17,C
47,93,A
90,40,B
28,51,C
36,31,C
84,100,A
98,51,A
15,23,C
75,35,B
59,21,B
52,38,B
91,51,A
67,29,B
51,95,A
41,75,B
78,16,B
86,70,A
66,19,B
63,76,B
15,64,C
76,25,B
82,40,B
17,33,C
82,98,A
67,57,B
25,68,B
44,67,B
85,66,A
46,35,B
55,83,B
43,52,B
54,77,B
26,21,C
63,87,A
92,69,A
97,39,B
57,59,B
83,25,B
16,18,C
74,31,B
90,68,A
54,74,B
36,23,C
50,81,B
56,68,B
52,48,B
99,84,A
38,64,B
38,69,B
45,30,C
47,57,B
61,82,A
64,86,A
72,64,B
92,36,B
78,43,B
18,79,B
39,95,B
97,96,A
62,56,B
71,94,A
17,23,C
67,88,A
54,17,C
20,38,C
13,25,C
53,67,B
22,54,C
28,48,C
27,92,B
39,40,C
39,29,C
100,84,A
43,38,B
22,98,B
82,15,B
57,85,A
52,47,B
59,76,B
16,69,B
62,24,B
92,59,A
46,57,B
24,85,B
96,21,B
15,42,C
28,90,B
52,79,B
23,53,C
10,62,C
10,23,C
28,61,B
67,100,A
42,75,B
10,59,C
17,15,C
62,17,C
94,70,A
20,44,C
20,28,C
31,18,C
19,62,B
73,67,A
81,67,A
68,90,A
44,47,B
68,36,B
64,35,B
63,37,B
50,97,A
47,65,B
49,10,C
92,14,B
90,97,A
88,53,A
75,82,A
92,40,B
86,30,B
77,73,A
49,87,B
97,89,A
66,40,B
47,40,B
71,72,A
91,98,A
87,23,B
72,41,B
54,63,B
86,95,A
52,91,A
87,98,A
53,77,B
69,94,A
75,93,A
84,53,B
75,56,B
79,54,B
55,64,B
84,57,A
95,20,B
95,88,A
93,46,B
17,52,C
83,56,B
63,35,B
47,42,B
24,68,B
83,76,A
95,85,A
78,15,B
44,43,B
71,21,B
66,81,A
79,33,B
76,85,A
23,87,B
74,51,B
99,28,B
27,86,B
25,80,B
47,69,B
19,59,C
50,65,B
100,33,B
89,90,A
43,14,C
17,56,C
70,73,A
20,14,C
12,46,C
56,54,B
18,33,C
28,75,B
57,76,B
66,55,B
91,74,A
34,10,C
38,58,B
49,59,B
19,28,C
51,54,B
67,40,B
21,42,C
36,31,C
36,11,C
85,26,B
72,81,A
69,86,A
11,50,C
17,48,C
83,56,B
12,18,C
44,57,B
13,82,B
20,24,C
57,86,A
93,62,A
26,38,C
88,85,A
24,92,B
43,14,C
60,34,B
32,21,C
40,24,C
22,77,B
71,70,A
77,13,B
63,58,B
44,54,B
55,58,B
67,71,B
65,51,B
43,48,B
31,72,B
26,50,C
98,93,A
30,23,C
49,94,A
52,35,B
95,52,A
66,88,A
47,39,B
52,69,B
74,91,A
71,73,A
37,34,C
50,62,B
56,14,C
45,24,C
42,15,C
77,31,B
90,93,A
27,41,C
93,26,B
30,24,C
12,86,B
93,42,B
52,58,B
74,14,B
22,72,B
19,31,C
29,49,C
61,66,B
98,19,B
86,86,A
73,13,B
70,23,B
46,45,B
31,54,B
45,80,B
98,74,A
40,61,B
64,14,C
84,66,A
46,77,B
46,43,B
93,19,B
12,22,C
15,28,C
25,95,B
43,56,B
53,29,B
58,65,B
63,58,B
43,95,B
36,10,C
62,64,B
67,95,A
80,56,B
79,17,B
57,56,B
11,56,C
88,90,A
46,97,A
16,73,B
37,13,C
90,94,A
44,58,B
37,46,B
79,68,A
64,64,B
67,35,B
41,42,B
18,62,B
25,47,C
99,28,B
40,69,B
22,91,B
20,92,B
54,49,B
27,86,B
19,64,B
72,67,B
83,67,A
68,87,A
70,71,A
65,50,B
24,37,C
91,29,B
28,23,C
34,64,B
72,89,A
57,77,B
32,58,B
67,49,B
56,64,B
34,96,B
43,67,B
18,76,B
80,19,B
40,26,C
71,90,A
51,17,C
87,16,B
21,63,B
65,92,A
52,84,B
17,59,C
63,97,A
89,21,B
21,93,B
13,86,B
57,53,B
53,63,B
72,11,B
70,23,B
85,78,A
43,41,B
65,96,A
35,41,C
81,34,B
47,64,B
86,10,B
59,52,B
97,29,B
76,53,B
40,25,C
61,69,B
28,75,B
64,98,A
86,88,A
95,74,A
22,93,B
43,33,C
14,100,B
50,54,B
100,96,A
68,41,B
48,23,C
53,69,B
56,25,B
73,64,B
36,76,B
58,76,B
63,14,C
16,31,C
23,66,B
13,38,C
66,28,B
74,79,A
10,95,B
41,66,B
36,62,B
31,63,B
87,35,B
39,52,B
91,29,B
87,91,A
71,71,A
50,17,C
13,86,B
14,52,C
42,63,B
87,18,B
74,42,B
54,78,B
50,83,B
22,84,B
98,10,B
43,13,C
37,50,B
44,38,B
81,86,A
31,22,C
71,20,B
58,29,B
49,91,A
99,96,A
94,12,B
82,65,A
33,84,B
95,58,A
11,90,B
15,95,B
15,14,C
21,60,B
36,99,B
76,31,B
79,24,B
87,12,B
11,60,C
21,38,C
12,34,C
16,59,C
27,36,C
33,74,B
43,19,C
69,84,A
38,76,B
72,55,B
28,81,B
63,94,A
19,47,C
34,67,B
60,57,B
92,23,B
73,23,B
64,19,B
48,60,B
53,95,A
15,58,C
87,97,A
14,23,C
89,10,B
78,53,B
94,20,B
30,48,C
83,30,B
23,46,C
36,92,B
59,61,B
45,47,B
43,39,B
37,79,B
49,42,B
48,24,C
25,94,B
10,52,C
77,81,A
11,70,B
50,38,B
68,25,B
100,54,A
87,94,A
88,15,B
49,87,B
85,26,B
57,48,B
20,37,C
83,100,A
25,77,B
24,58,B
51,61,B
32,94,B
10,50,C
49,77,B
43,90,B
58,30,B
25,52,C
80,34,B
95,35,B
88,62,A
56,79,B
17,61,C
27,78,B
57,84,A
23,53,C
78,88,A
64,88,A
43,59,B
64,88,A
76,99,A
45,87,B
41,27,C
56,87,A
66,58,B
68,30,B
16,62,C
87,18,B
73,32,B
96,26,B
98,50,A
47,73,B
74,76,A
85,42,B
59,78,B
79,87,A
12,59,C
24,40,C
64,11,C
33,90,B
13,74,B
19,84,B
72,44,B
23,86,B
39,87,B
60,62,B
91,63,A
85,31,B
62,30,B
41,71,B
49,11,C
74,42,B
57,77,B
11,36,C
98,90,A
85,65,A
94,68,A
28,89,B
16,12,C
48,65,B
79,42,B
100,12,B
61,15,C
50,17,C
73,46,B
43,75,B
31,99,B
59,18,C
22,18,C
31,39,C
33,19,C
93,60,A
44,48,B
11,20,C
100,85,A
23,21,C
95,15,B
11,14,C
91,99,A
88,54,A
52,18,C
17,30,C
97,54,A
18,60,C
50,84,B
23,39,C
98,17,B
74,100,A
23,32,C
42,39,B
85,49,B
39,93,B
60,62,B
73,35,B
50,29,C
68,99,A
62,29,B
61,50,B
75,52,B
95,80,A
32,60,B
67,70,B
26,28,C
55,66,B
76,68,A
14,43,C
72,78,A
16,72,B
45,37,B
69,90,A
27,89,B
21,86,B
33,43,C
21,90,B
60,88,A
43,76,B
21,50,C
32,74,B
89,36,B
12,98,B
25,98,B
63,23,B
94,69,A
59,36,B
27,78,B
11,34,C
68,85,A
77,48,B
74,56,B
49,80,B
64,31,B
52,43,B
18,29,C
37,47,B
26,37,C
22,61,B
96,88,A
43,46,B
74,41,B
56,17,C
93,61,A
46,14,C
94,38,B
22,92,B
39,10,C
23,92,B
42,82,B
72,29,B
51,63,B
69,21,B
69,73,A
75,57,B
68,61,B
19,20,C
12,68,B
55,73,B
71,60,B
44,71,B
43,15,C
22,60,B
49,42,B
35,26,C
58,84,A
66,55,B
71,76,A
84,32,B
29,89,B
52,57,B
27,74,B
39,24,C
75,48,B
16,83,B
56,55,B
25,99,B
99,51,A
94,81,A
78,48,B
55,57,B
94,69,A
68,93,A
23,61,B
15,54,C
15,91,B
87,26,B
81,82,A
24,27,C
42,63,B
48,27,C
62,79,A
78,67,A
54,80,B
44,59,B
66,42,B
37,33,C
75,31,B
59,86,A
11,30,C
94,89,A
13,88,B
33,58,B
19,38,C
21,54,C
97,47,A
70,69,B
47,63,B
67,77,A
76,83,A
48,16,C
70,46,B
37,59,B
86,65,A
10,80,B
81,76,A
19,73,B
54,60,B
46,30,C
11,20,C
48,71,B
67,85,A
43,15,C
96,10,B
80,19,B
25,90,B
87,27,B
70,79,A
77,93,A
42,13,C
18,26,C
49,55,B
31,72,B
12,32,C
67,10,C
38,87,B
41,86,B
83,20,B
24,18,C
67,45,B
58,35,B
96,61,A
58,68,B
44,91,B
90,38,B
66,75,A
91,84,A
100,96,A
13,81,B
54,42,B
57,46,B
88,39,B
41,87,B
83,38,B
62,34,B
66,17,B
37,82,B
13,53,C
35,97,B
82,37,B
63,45,B
44,62,B
51,43,B
51,64,B
43,68,B
10,59,C
67,47,B
91,59,A
40,100,A
86,72,A
71,51,B
55,25,B
35,53,B
73,100,A
82,24,B
10,75,B
81,30,B
21,81,B
50,55,B
59,79,B
17,32,C
37,47,B
86,43,B
83,100,A
92,88,A
100,97,A
65,68,B
57,72,B
68,86,A
57,20,C
50,38,B
78,22,B
86,53,B
13,44,C
95,16,B
24,66,B
67,67,B
51,57,B
69,13,B
88,43,B
71,71,A
15,30,C
90,73,A
35,58,B
49,54,B
95,16,B
80,22,B
60,49,B
95,11,B
91,14,B
74,48,B
70,25,B
41,34,C
100,37,B
59,89,A
91,24,B
60,83,A
58,37,B
12,33,C
29,61,B
81,40,B
95,37,B
74,17,B
12,42,C
17,64,B
44,66,B
19,79,B
25,10,C
49,71,B
79,33,B
86,10,B
41,32,C
75,98,A
92,20,B
57,83,A
48,40,B
57,72,B
92,12,B
27,16,C
65,24,B
31,60,B
73,65,B
14,51,C
85,21,B
64,95,A
38,35,C
57,28,B
50,20,C
53,93,A
60,28,B
48,29,C
16,70,B
20,61,B
27,94,B
73,54,B
60,27,B
60,71,B
68,16,B
43,65,B
53,92,A
39,84,B
78,31,B
20,41,C
88,62,A
98,51,A
72,48,B
67,90,A
50,38,B
13,53,C
42,69,B
56,49,B
51,23,C
44,21,C
90,62,A
94,61,A
80,17,B
35,52,B
14,74,B
66,26,B
62,72,B
29,29,C
73,80,A
43,57,B
29,20,C
64,88,A
84,24,B
28,12,C
52,40,B
30,76,B
17,76,B
98,38,B
29,79,B
33,89,B
70,79,A
29,91,B
14,94,B
77,25,B
16,50,C
38,24,C
48,94,A
22,60,B
38,64,B
88,95,A
70,83,A
94,31,B
40,99,B
40,91,B
87,71,A
77,45,B
34,69,B
69,65,B
88,66,A
43,85,B
86,73,A
89,40,B
63,56,B
70,11,B
23,57,B
37,57,B
11,85,B
66,15,B
71,32,B
21,42,C
23,87,B
39,44,B
22,18,C
20,30,C
68,84,A
15,68,B
72,68,A
42,78,B
74,66,A
59,54,B
81,87,A
12,19,C
75,88,A
88,92,A
78,25,B
14,87,B
68,44,B
51,27,C
68,87,A
21,90,B
20,20,C
85,28,B
83,60,A
27,92,B
43,76,B
29,38,C
90,90,A
55,63,B
37,20,C
12,52,C
51,60,B
70,31,B
87,19,B
61,60,B
86,82,A
59,32,B
29,29,C
68,16,B
60,46,B
92,46,B
43,53,B
61,100,A
58,13,C
91,92,A
44,79,B
83,23,B
21,69,B
42,74,B
56,18,C
97,87,A
89,22,B
43,28,C
61,57,B
71,49,B
13,92,B
48,87,B
92,91,A
77,98,A
43,56,B
57,91,A
23,68,B
46,31,C
27,85,B
80,32,B
14,91,B
29,16,C
33,88,B
77,95,A
98,92,A
32,13,C
34,73,B
87,64,A
17,29,C
20,71,B
46,60,B
79,26,B
23,28,C
21,66,B
36,98,B
97,24,B
47,71,B
40,40,B
17,61,C
67,69,B
10,50,C
25,83,B
96,46,A
56,25,B
28,25,C
93,76,A
50,30,B
37,57,B
27,58,B
26,100,B
27,96,B
53,44,B
68,53,B
87,43,B
10,64,C
82,21,B
68,18,B
61,14,C
37,29,C
11,38,C
57,60,B
31,41,C
85,89,A
17,35,C
100,35,B
37,65,B
56,88,A
19,56,C
35,31,C
24,48,C
64,53,B
93,27,B
77,76,A
76,97,A
93,84,A
77,22,B
98,38,B
25,80,B
37,36,C
97,99,A
76,46,B
88,16,B
44,70,B
79,59,B
58,40,B
86,93,A
16,98,B
38,33,C
16,97,B
100,83,A
87,16,B
34,81,B
44,78,B
57,91,A
52,78,B
89,71,A
77,66,A
35,69,B
89,47,B
20,60,B
28,95,B
51,53,B
43,43,B
14,44,C
82,85,A
25,27,C
45,24,C
79,30,B
21,61,B
63,45,B
15,83,B
60,11,C
89,78,A
22,96,B
40,71,B
45,83,B
97,26,B
83,98,A
85,76,A
27,28,C
72,15,B
94,93,A
28,86,B
32,90,B
42,96,B
80,29,B
13,51,C
93,22,B
11,44,C
82,73,A
55,53,B
17,91,B
16,65,B
23,97,B
56,35,B
71,37,B
39,78,B
27,97,B
87,66,A
23,39,C
26,34,C
13,55,C
99,12,B
70,74,A
19,70,B
69,24,B
98,28,B
82,58,A
48,88,B
96,89,A
37,81,B
24,71,B
59,81,A
54,40,B
23,47,C
28,44,C
18,25,C
40,81,B
24,36,C
89,66,A
92,65,A
12,92,B
12,11,C
89,82,A
53,75,B
26,53,C
49,43,B
70,51,B
52,21,C
73,64,B
43,35,C
41,25,C
70,32,B
95,94,A
13,24,C
20,68,B
11,86,B
26,40,C
58,90,A
84,31,B
46,82,B
74,18,B
38,26,C
49,71,B
62,54,B
94,21,B
18,69,B
55,92,A
58,64,B
84,95,A
47,90,B
70,78,A
64,60,B
83,50,B
64,91,A
50,55,B
68,44,B
38,71,B
69,96,A
35,28,C
56,93,A
76,45,B
87,86,A
12,42,C
61,71,B
59,14,C
26,75,B
73,40,B
35,35,C
40,70,B
17,62,C
77,78,A
57,68,B
34,55,B
25,17,C
16,52,C
27,61,B
52,51,B
55,59,B
20,36,C
74,24,B
11,62,C
18,11,C
32,91,B
99,11,B
11,35,C
64,12,C
47,45,B
41,43,B
99,59,A
88,25,B
87,69,A
38,55,B
41,77,B
18,76,B
67,82,A
92,45,B
10,54,C
17,91,B
42,45,B
88,24,B
55,90,A
28,70,B
81,15,B
67,95,A
18,52,C
43,28,C
97,35,B
72,69,A
28,58,B
18,39,C
67,27,B
60,100,A
11,97,B
57,97,A
21,39,C
15,54,C
92,24,B
69,16,B
72,30,B
81,79,A
68,81,A
34,52,B
33,34,C
35,40,C
65,44,B
40,18,C
23,44,C
67,44,B
64,15,C
84,62,A
94,86,A
23,29,C
87,23,B
81,30,B
51,94,A
31,47,C
65,73,B
37,30,C
71,97,A
57,98,A
22,93,B
42,72,B
56,60,B
89,29,B
43,35,C
91,41,B
54,93,A
93,38,B
22,87,B
40,34,C
12,21,C
77,44,B
16,13,C
45,68,B
66,57,B
34,38,C
29,89,B
13,10,C
22,98,B
97,46,A
23,81,B
41,86,B
81,67,A
57,63,B
47,21,C
90,12,B
30,88,B
71,99,A
11,42,C
75,44,B
72,95,A
24,84,B
79,26,B
94,33,B
15,62,C
12,100,B
47,27,C
62,54,B
59,57,B
15,76,B
17,90,B
13,24,C
23,30,C
22,44,C
20,61,B
45,79,B
26,81,B
19,31,C
39,66,B
94,40,B
28,71,B
80,88,A
50,10,C
59,23,B
16,52,C
43,66,B
15,43,C
43,95,B
57,26,B
76,16,B
14,84,B
52,92,A
65,35,B
23,62,B
52,72,B
78,56,B
70,31,B
95,61,A
34,52,B
18,33,C
51,75,B
82,14,B
13,17,C
59,47,B
44,99,A
43,83,B
56,39,B
31,48,C
94,75,A
42,36,C
23,42,C
85,48,B
72,88,A
60,37,B
66,36,B
18,48,C
34,96,B
87,45,B
30,34,C
16,88,B
88,37,B
84,54,B
77,20,B
40,53,B
23,79,B
78,54,B
29,98,B
70,81,A
91,70,A
97,73,A
20,83,B
92,92,A
64,30,B
65,35,B
52,99,A
68,96,A
87,29,B
87,74,A
49,41,B
55,32,B
34,74,B
100,65,A
23,75,B
30,79,B
57,38,B
88,46,B
68,68,B
28,11,C
43,17,C
40,90,B
60,80,A
54,11,C
94,44,B
50,53,B
35,64,B
95,15,B
21,68,B
44,43,B
18,21,C
19,71,B
34,63,B
87,68,A
27,96,B
88,68,A
86,74,A
23,99,B
87,17,B
13,62,C
98,51,A
28,37,C
65,97,A
98,45,A
83,62,A
27,47,C
31,64,B
43,70,B
47,90,B
72,23,B
83,72,A
77,39,B
89,97,A
55,60,B
53,91,A
64,93,A
75,15,B
16,40,C
40,97,B
77,95,A
30,97,B
38,85,B
37,84,B
85,90,A
11,18,C
97,89,A
58,25,B
36,100,B
38,39,C
97,22,B
79,94,A
32,42,C
80,74,A
92,24,B
45,43,B
95,50,A
21,78,B
41,56,B
74,76,A
84,66,A
69,61,B
77,62,B
33,21,C
52,24,C
30,44,C
67,28,B
84,39,B
100,71,A
86,65,A
70,94,A
93,87,A
66,51,B
65,41,B
10,34,C
61,69,B
23,97,B
98,61,A
55,35,B
85,42,B
30,51,B
48,20,C
40,21,C
77,83,A
18,55,C
50,93,A
51,15,C
42,83,B
50,58,B
94,71,A
33,37,C
71,100,A
98,38,B
87,88,A
69,35,B
71,28,B
62,54,B
41,46,B
50,98,A
44,61,B
44,75,B
54,40,B
16,24,C
51,42,B
91,33,B
99,15,B
48,63,B
35,81,B
86,93,A
31,96,B
83,78,A
83,70,A
76,42,B
69,53,B
42,60,B
27,87,B
14,23,C
88,33,B
39,49,B
95,25,B
79,80,A
38,59,B
47,67,B
74,36,B
80,29,B
89,54,A
23,49,C
97,92,A
92,80,A
88,10,B
20,78,B
39,38,C
24,97,B
49,76,B
45,17,C
100,50,A
47,67,B
75,71,A
12,60,C
50,64,B
19,17,C
62,40,B
55,67,B
92,23,B
81,74,A
70,72,A
16,26,C
25,17,C
60,96,A
16,69,B
94,96,A
30,88,B
33,11,C
100,70,A
56,70,B
64,66,B
75,63,B
44,55,B
58,54,B
88,67,A
42,20,C
57,19,C
99,15,B
88,96,A
79,69,A
39,58,B
51,27,C
57,14,C
95,87,A
67,53,B
45,14,C
42,92,B
30,79,B
99,31,B
100,30,B
41,47,B
71,38,B
13,68,B
43,75,B
58,64,B
78,67,A
14,78,B
89,87,A
83,34,B
29,98,B
59,29,B
24,33,C
38,86,B
82,93,A
24,17,C
73,11,B
32,33,C
26,92,B
50,41,B
14,78,B
28,59,B
28,73,B
84,77,A
28,25,C
87,71,A
70,79,A
73,67,A
60,24,B
22,100,B
65,92,A
61,75,B
39,60,B
30,100,B
59,89,A
51,41,B
21,100,B
52,18,C
22,29,C
26,63,B
30,79,B
48,78,B
92,81,A
30,31,C
25,18,C
80,44,B
13,71,B
74,37,B
27,98,B
50,38,B
87,24,B
100,44,A
26,76,B
60,18,C
38,95,B
15,24,C
97,63,A
38,73,B
73,93,A
38,13,C
24,77,B
53,64,B
22,53,C
89,71,A
27,14,C
99,52,A
32,30,C
32,19,C
92,24,B
16,78,B
23,81,B
76,73,A
56,21,C
52,92,A
90,72,A
95,83,A
57,51,B
67,22,B
82,50,B
73,43,B
98,29,B
20,21,C
79,19,B
30,45,C
78,39,B
68,17,B
93,58,A
46,19,C
77,44,B
66,82,A
92,35,B
87,60,A
42,56,B
69,15,B
99,43,A
30,43,C
69,90,A
42,12,C
77,55,B
51,11,C
35,72,B
41,49,B
46,96,A
10,27,C
22,50,C
80,73,A
89,28,B
77,61,B
76,34,B
17,21,C
47,69,B
57,62,B
42,38,B
89,33,B
17,34,C
51,58,B
97,41,B
72,48,B
98,16,B
35,90,B
79,76,A
95,21,B
79,58,B
74,32,B
96,19,B
93,30,B
17,93,B
43,64,B
77,87,A
13,26,C
87,71,A
45,79,B
36,72,B
84,97,A
94,53,A
99,94,A
22,21,C
88,12,B
89,60,A
56,92,A
58,59,B
100,11,B
76,52,B
72,41,B
11,73,B
94,65,A
23,79,B
33,12,C
39,12,C
79,73,A
51,95,A
10,83,B
76,27,B
53,44,B
31,81,B
95,85,A
77,60,B
18,56,C
79,21,B
56,58,B
39,49,B
72,89,A
38,93,B
74,43,B
13,80,B
79,64,A
51,84,B
37,55,B
83,95,A
65,90,A
57,58,B
88,77,A
87,16,B
76,56,B
60,29,B
20,81,B
87,16,B
72,59,B
94,16,B
81,77,A
35,81,B
42,76,B
52,60,B
17,69,B
35,46,B
51,83,B
45,43,B
24,44,C
45,58,B
41,44,B
23,22,C
74,29,B
83,24,B
22,85,B
20,60,B
79,72,A
91,77,A
96,90,A
23,37,C
11,77,B
18,96,B
45,97,A
71,38,B
84,67,A
55,85,A
59,37,B
48,67,B
36,99,B
64,23,B
69,13,B
43,83,B
88,40,B
68,14,B
20,89,B
43,81,B
37,45,B
100,22,B
29,12,C
99,40,B
22,16,C
43,64,B
24,19,C
96,90,A
68,83,A
15,39,C
58,21,C
83,35,B
37,73,B
47,85,B
31,75,B
75,93,A
44,17,C
27,97,B
61,75,B
45,42,B
45,97,A
89,23,B
34,38,C
77,20,B
16,66,B
39,74,B
21,46,C
70,15,B
29,64,B
96,40,B
49,24,C
25,97,B
60,88,A
46,30,C
32,77,B
66,27,B
88,22,B
68,45,B
93,18,B
93,78,A
79,94,A
88,28,B
52,16,C
72,75,A
78,58,B
58,27,B
41,45,B
43,23,C
44,42,B
36,62,B
40,23,C
49,73,B
37,94,B
93,67,A
89,68,A
97,96,A
68,30,B
51,93,A
92,75,A
56,67,B
46,62,B
15,41,C
86,38,B
100,93,A
48,85,B
28,80,B
64,54,B
87,17,B
46,93,B
53,83,B
44,12,C
28,79,B
55,93,A
97,29,B
34,37,C
64,39,B
40,26,C
47,53,B
87,17,B
73,37,B
29,96,B
84,99,A
70,31,B
54,49,B
46,56,B
63,47,B
74,80,A
74,88,A
35,63,B
88,61,A
31,46,C
71,80,A
55,58,B
56,33,B
99,79,A
60,65,B
66,86,A
100,32,B
46,27,C
95,72,A
76,10,B
46,53,B
52,28,B
30,72,B
10,58,C
85,87,A
33,18,C
10,20,C
23,11,C
33,64,B
45,11,C
56,89,A
15,99,B
64,16,B
58,87,A
43,90,B
90,60,A
48,60,B
23,75,B
21,24,C
89,65,A
34,75,B
98,70,A
30,82,B
71,56,B
61,73,B
15,28,C
51,33,B
96,26,B
62,72,B
27,82,B
43,51,B
99,55,A
55,58,B
41,87,B
99,54,A
72,37,B
82,39,B
17,22,C
47,53,B
56,54,B
47,98,A
81,84,A
83,70,A
73,80,A
55,89,A
29,47,C
20,29,C
14,81,B
55,19,C
88,29,B
67,37,B
20,41,C
42,83,B
82,13,B
82,94,A
17,29,C
63,44,B
68,48,B
45,81,B
85,25,B
18,30,C
46,83,B
27,95,B
23,90,B
86,43,B
17,78,B
16,69,B
73,82,A
82,59,A
26,42,C
72,11,B
40,17,C
89,20,B
79,57,B
84,26,B
52,90,A
81,29,B
23,38,C
15,94,B
51,15,C
89,29,B
92,35,B
50,22,C
51,99,A
60,37,B
96,90,A
94,82,A
97,94,A
11,64,C
90,82,A
100,55,A
84,73,A
10,36,C
37,26,C
41,55,B
74,69,A
79,54,B
53,85,B
17,74,B
91,74,A
89,14,B
43,18,C
76,96,A
77,49,B
55,75,B
46,39,B
41,95,B
32,93,B
92,50,A
96,43,B
96,23,B
43,63,B
51,87,B
67,100,A
65,36,B
69,49,B
91,22,B
45,62,B
97,24,B
56,86,A
80,100,A
78,36,B
41,13,C
95,73,A
43,18,C
52,80,B
67,36,B
15,72,B
51,22,C
14,96,B
81,98,A
84,74,A
13,32,C
15,54,C
19,50,C
17,65,B
41,25,C
51,96,A
85,58,A
36,18,C
28,20,C
16,95,B
77,35,B
68,94,A
47,92,B
53,87,A
94,63,A
69,70,B
51,14,C
58,92,A
49,26,C
62,71,B
33,31,C
59,70,B
89,88,A
13,66,C
85,82,A
19,34,C
66,83,A
86,48,B
71,71,A
21,63,B
41,89,B
13,17,C
42,92,B
36,75,B
80,79,A
81,39,B
39,51,B
65,59,B
24,17,C
34,99,B
96,37,B
47,25,C
57,74,B
95,62,A
75,92,A
73,19,B
25,71,B
23,59,B
99,45,A
99,55,A
78,55,B
97,77,A
56,60,B
59,53,B
47,98,A
93,32,B
99,80,A
22,11,C
76,38,B
83,22,B
98,67,A
24,20,C
92,44,B
17,97,B
71,89,A
50,14,C
87,30,B
97,44,A
28,98,B
68,56,B
15,37,C
62,87,A
46,65,B
40,91,B
78,12,B
42,22,C
50,77,B
74,62,B
100,24,B
97,18,B
79,28,B
44,74,B
19,41,C
91,18,B
60,52,B
59,18,C
24,91,B
48,62,B
33,71,B
14,65,C
95,44,B
97,27,B
81,79,A
19,42,C
73,93,A
83,20,B
70,83,A
59,47,B
51,85,B
68,45,B
62,76,B
64,60,B
38,69,B
22,59,B
68,24,B
71,86,A
93,18,B
16,64,B
80,41,B
20,40,C
38,95,B
70,34,B
56,66,B
86,91,A
64,19,B
44,49,B
88,74,A
15,24,C
72,60,B
76,53,B
62,21,B
86,43,B
97,44,A
70,38,B
71,30,B
40,53,B
60,96,A
16,44,C
14,89,B
18,92,B
32,84,B
69,19,B
29,74,B
44,12,C
52,57,B
34,90,B
15,29,C
54,33,B
38,23,C
47,96,A
12,61,C
67,67,B
35,89,B
74,30,B
96,88,A
81,49,B
84,77,A
16,16,C
31,98,B
42,32,C
37,24,C
35,76,B
45,55,B
10,97,B
61,12,C
50,97,A
37,54,B
89,98,A
55,39,B
15,23,C
75,64,B
32,81,B
66,22,B
66,28,B
13,65,C
31,59,B
44,71,B
43,39,B
46,21,C
27,72,B
56,82,B
14,35,C
98,51,A
80,42,B
42,18,C
98,90,A
10,30,C
63,93,A
100,74,A
49,41,B
99,57,A
13,88,B
81,23,B
53,32,B
10,85,B
45,12,C
73,86,A
44,12,C
11,56,C
14,45,C
71,17,B
20,83,B
100,89,A
45,11,C
98,43,A
56,62,B
82,16,B
57,40,B
54,85,B
71,46,B
63,71,B
54,20,C
40,11,C
38,47,B
16,88,B
93,73,A
52,52,B
16,87,B
51,100,A
81,54,B
28,66,B
82,56,B
43,28,C
27,21,C
89,35,B
89,27,B
53,93,A
75,16,B
80,23,B
12,46,C
60,55,B
48,45,B
72,17,B
40,16,C
13,59,C
55,33,B
62,69,B
68,33,B
27,73,B
40,98,B
99,62,A
80,49,B
11,92,B
69,14,B
90,78,A
37,66,B
80,77,A
33,28,C
83,89,A
93,10,B
59,66,B
100,43,A
37,66,B
30,46,C
65,95,A
82,25,B
89,79,A
55,97,A
30,11,C
82,36,B
78,92,A
91,92,A
68,80,A
24,11,C
84,62,A
93,85,A
13,97,B
22,75,B
88,71,A
46,49,B
92,76,A
45,10,C
87,99,A
71,57,B
78,56,B
93,78,A
22,15,C
75,99,A
80,49,B
25,86,B
98,68,A
11,25,C
97,82,A
70,74,A
88,57,A
17,61,C
96,24,B
36,64,B
85,66,A
12,73,B
69,26,B
85,11,B
68,70,B
36,51,B
74,82,A
16,86,B
57,96,A
55,75,B
26,77,B
91,18,B
39,42,B
90,10,B
37,21,C
70,41,B
46,43,B
54,85,B
77,14,B
27,89,B
54,52,B
53,10,C
87,73,A
71,87,A
97,71,A
18,75,B
23,83,B
35,46,B
42,98,A
72,13,B
37,23,C
17,31,C
11,10,C
38,55,B
79,63,A
98,49,A
63,93,A
57,21,C
35,21,C
21,47,C
91,29,B
52,33,B
85,81,A
93,50,A
20,28,C
36,56,B
53,32,B
34,28,C
64,68,B
60,85,A
29,80,B
76,23,B
24,74,B
57,72,B
71,10,B
82,87,A
38,11,C
15,83,B
51,53,B
45,53,B
72,92,A
44,31,C
92,81,A
88,52,A
37,64,B
13,68,B
72,38,B
28,76,B
60,37,B
40,17,C
87,87,A
38,44,B
34,38,C
13,16,C
66,41,B
30,12,C
49,51,B
44,88,B
56,12,C
94,48,A
82,64,A
28,70,B
46,42,B
94,54,A
83,53,B
31,22,C
23,28,C
31,58,B
70,28,B
71,98,A
78,20,B
41,65,B
18,47,C
84,16,B
88,94,A
20,58,C
54,93,A
47,42,B
30,87,B
42,34,C
22,54,C
20,45,C
14,28,C
61,11,C
81,35,B
20,87,B
54,88,A
33,76,B
68,36,B
92,50,A
58,79,B
52,42,B
25,94,B
42,78,B
99,95,A
94,89,A
56,40,B
43,88,B
95,35,B
88,26,B
91,49,A
26,95,B
77,24,B
23,60,B
43,33,C
38,17,C
90,83,A
73,84,A
16,14,C
82,15,B
28,96,B
28,28,C
30,56,B
43,10,C
97,80,A
63,60,B
38,77,B
20,79,B
79,39,B
53,63,B
64,19,B
86,36,B
65,75,A
73,49,B
17,15,C
79,81,A
81,85,A
47,64,B
59,96,A
53,16,C
36,82,B
74,75,A
21,99,B
100,74,A
60,57,B
31,89,B
69,23,B
52,50,B
19,41,C
33,92,B
14,60,C
43,18,C
64,33,B
55,88,A
73,34,B
62,100,A
33,44,C
22,24,C
30,60,B
42,82,B
63,61,B
30,66,B
75,67,A
59,64,B
88,54,A
84,60,A
32,21,C
67,12,C
77,18,B
30,10,C
56,93,A
17,67,B
11,57,C
22,33,C
98,32,B
65,23,B
15,28,C
65,96,A
72,14,B
12,85,B
21,93,B
25,86,B
85,65,A
25,46,C
45,80,B
71,44,B
29,21,C
35,66,B
53,32,B
27,16,C
83,42,B
41,31,C
45,89,B
19,73,B
22,67,B
29,49,C
38,72,B
40,69,B
26,81,B
79,12,B
82,24,B
96,20,B
56,89,A
27,80,B
51,35,B
55,75,B
92,69,A
77,47,B
83,91,A
56,74,B
81,43,B
23,14,C
39,49,B
50,94,A
16,55,C
33,94,B
90,41,B
73,18,B
14,60,C
20,25,C
37,69,B
73,26,B
89,52,A
33,82,B
94,11,B
93,27,B
93,88,A
25,71,B
12,58,C
21,84,B
31,18,C
25,70,B
51,11,C
79,40,B
17,95,B
35,77,B
24,99,B
71,63,B
69,19,B
15,64,C
67,95,A
37,15,C
48,58,B
34,37,C
71,88,A
38,84,B
77,30,B
24,45,C
51,97,A
88,35,B
37,74,B
32,39,C
39,59,B
44,44,B
32,65,B
94,96,A
42,72,B
95,91,A
65,32,B
66,74,A
95,97,A
55,45,B
16,94,B
66,74,A
61,15,C
21,84,B
66,63,B
58,68,B
39,48,B
41,51,B
79,86,A
12,58,C
65,57,B
19,91,B
90,64,A
44,35,C
85,42,B
84,72,A
63,75,B
84,10,B
99,46,A
43,94,B
61,36,B
84,98,A
63,37,B
34,12,C
16,50,C
63,18,B
51,74,B
33,92,B
51,63,B
76,53,B
37,20,C
21,22,C
60,32,B
93,28,B
29,50,C
59,55,B
13,97,B
16,85,B
59,72,B
13,30,C
35,50,B
62,34,B
58,42,B
83,12,B
55,26,B
59,64,B
21,16,C
27,73,B
46,20,C
61,51,B
48,60,B
57,31,B
97,62,A
43,54,B
41,17,C
75,22,B
35,92,B
95,69,A
85,68,A
33,13,C
45,22,C
88,71,A
46,63,B
39,78,B
38,91,B
26,40,C
99,69,A
79,67,A
41,33,C
80,26,B
87,28,B
53,10,C
67,100,A
99,56,A
19,88,B
50,28,C
51,32,B
43,31,C
33,48,B
64,97,A
86,64,A
63,43,B
97,92,A
40,20,C
61,18,C
36,26,C
52,21,C
70,19,B
47,16,C
80,23,B
28,22,C
94,38,B
71,29,B
29,78,B
75,30,B
68,99,A
66,43,B
82,73,A
20,50,C
17,36,C
57,47,B
59,25,B
21,35,C
84,74,A
87,94,A
10,16,C
71,45,B
38,78,B
79,34,B
41,11,C
79,47,B
87,17,B
80,68,A
32,14,C
63,22,B
44,31,C
65,84,A
21,77,B
62,70,B
17,61,C
50,59,B
83,16,B
38,28,C
51,35,B
45,82,B
80,29,B
74,76,A
57,46,B
56,36,B
30,88,B
30,95,B
19,48,C
57,28,B
85,16,B
23,47,C
87,83,A
90,37,B
71,52,B
15,63,C
75,97,A
67,52,B
32,46,C
99,19,B
80,52,B
67,21,B
25,97,B
35,14,C
42,78,B
30,67,B
90,61,A
82,100,A
20,10,C
95,68,A
69,84,A
63,91,A
86,30,B
38,31,C
72,53,B
85,27,B
89,80,A
72,94,A
22,87,B
67,36,B
21,84,B
56,72,B
86,30,B
83,24,B
19,45,C
81,84,A
20,58,C
39,97,B
24,22,C
67,70,B
44,66,B
33,71,B
75,53,B
96,36,B
51,19,C
26,61,B
59,100,A
93,38,B
48,23,C
66,22,B
43,67,B
86,88,A
21,49,C
82,89,A
91,38,B
80,87,A
16,47,C
84,90,A
14,99,B
91,78,A
52,75,B
19,23,C
56,27,B
97,49,A
68,75,A
83,45,B
66,74,A
76,55,B
52,30,B
14,49,C
100,82,A
45,84,B
42,37,C
95,24,B
90,54,A
78,40,B
83,25,B
55,58,B
11,63,C
94,12,B
13,94,B
61,34,B
23,72,B
86,62,A
10,43,C
27,89,B
39,87,B
28,59,B
82,100,A
92,42,B
97,94,A
81,21,B
35,92,B
17,16,C
54,13,C
78,26,B
47,55,B
18,83,B
48,36,B
96,47,A
63,46,B
12,85,B
12,78,B
43,44,B
11,52,C
60,89,A
84,56,A
76,21,B
100,38,B
10,76,B
45,100,A
48,49,B
29,35,C
73,73,A
76,17,B
33,80,B
76,88,A
30,64,B
12,85,B
47,11,C
23,11,C
57,65,B
88,47,B
89,35,B
80,38,B
25,80,B
29,45,C
25,15,C
57,83,A
78,42,B
86,96,A
59,63,B
61,71,B
64,73,B
34,22,C
23,99,B
63,77,A
75,11,B
91,15,B
13,79,B
71,28,B
17,85,B
37,38,C
33,77,B
63,69,B
86,21,B
28,70,B
54,90,A
30,40,C
18,67,B
45,73,B
84,25,B
62,16,C
29,39,C
65,96,A
97,77,A
100,56,A
86,14,B
39,19,C
52,97,A
70,76,A
78,95,A
17,44,C
71,46,B
38,59,B
53,24,C
21,91,B
60,15,C
46,61,B
14,59,C
20,13,C
82,29,B
48,41,B
52,36,B
71,99,A
77,79,A
11,46,C
47,37,B
31,63,B
87,57,A
46,57,B
71,51,B
75,99,A
76,23,B
90,54,A
93,85,A
79,24,B
56,96,A
34,50,B
24,35,C
33,91,B
31,62,B
36,35,C
96,12,B
70,61,B
56,94,A
58,44,B
86,68,A
88,41,B
89,65,A
88,77,A
47,41,B
88,85,A
82,13,B
45,35,B
94,52,A
42,75,B
76,81,A
32,91,B
85,18,B
38,95,B
83,43,B
71,14,B
98,10,B
54,83,B
18,75,B
90,83,A
10,33,C
63,64,B
83,99,A
15,58,C
38,39,C
17,61,C
48,99,A
39,47,B
67,24,B
52,62,B
24,16,C
44,51,B
13,50,C
100,88,A
32,35,C
39,39,C
88,52,A
70,42,B
19,44,C
71,65,B
81,12,B
47,86,B
52,18,C
90,37,B
25,14,C
87,53,A
70,65,B
12,10,C
58,29,B
24,44,C
69,65,B
78,51,B
85,39,B
39,22,C
17,87,B
88,18,B
13,27,C
57,88,A
63,84,A
34,65,B
58,68,B
51,14,C
31,96,B
66,21,B
21,46,C
95,72,A
31,84,B
36,49,B
38,69,B
13,95,B
82,40,B
77,72,A
46,32,C
80,28,B
70,53,B
27,21,C
94,53,A
88,14,B
26,33,C
77,78,A
55,87,A
44,100,A
87,14,B
25,78,B
56,20,C
17,21,C
53,69,B
19,17,C
28,51,C
68,72,A
22,11,C
12,28,C
44,38,B
82,63,A
98,49,A
77,53,B
73,10,B
52,60,B
53,18,C
43,53,B
98,81,A
89,27,B
26,36,C
95,92,A
23,20,C
39,88,B
94,16,B
81,76,A
80,29,B
91,77,A
60,73,B
12,24,C
76,57,B
71,15,B
83,80,A
59,29,B
72,91,A
21,18,C
28,73,B
11,82,B
68,61,B
75,65,A
36,95,B
49,35,B
52,40,B
32,69,B
17,43,C
81,74,A
82,99,A
57,17,C
53,50,B
21,72,B
71,91,A
35,68,B
81,14,B
37,92,B
52,92,A
92,19,B
87,51,B
23,54,C
32,40,C
95,64,A
75,58,B
52,18,C
67,69,B
78,32,B
54,51,B
60,12,C
30,19,C
69,46,B
87,11,B
80,18,B
21,72,B
61,88,A
16,40,C
22,37,C
49,78,B
86,64,A
45,25,C
44,61,B
74,41,B
67,74,A
37,25,C
56,39,B
38,44,B
16,29,C
59,79,B
17,81,B
53,30,B
28,35,C
26,53,C
14,20,C
54,17,C
76,57,B
20,11,C
87,89,A
93,41,B
92,82,A
82,89,A
63,38,B
47,97,A
89,43,B
32,45,C
54,92,A
92,44,B
50,56,B
99,49,A
53,60,B
66,77,A
78,33,B
37,51,B
99,75,A
18,70,B
36,57,B
60,70,B
92,60,A
20,30,C
94,87,A
93,91,A
19,24,C
80,84,A
57,54,B
85,70,A
52,96,A
63,67,B
63,88,A
55,48,B
63,22,B
46,66,B
97,50,A
12,59,C
24,42,C
100,63,A
93,66,A
22,79,B
36,92,B
78,85,A
29,92,B
36,87,B
51,58,B
58,74,B
81,57,B
13,86,B
96,40,B
34,23,C
61,67,B
51,73,B
27,34,C
46,46,B
59,14,C
96,14,B
71,82,A
11,15,C
83,99,A
20,16,C
47,59,B
65,42,B
47,28,C
86,49,B
26,17,C
69,94,A
32,90,B
97,14,B
33,98,B
70,65,B
21,45,C
56,69,B
47,18,C
16,39,C
78,61,B
97,63,A
86,81,A
67,78,A
80,36,B
92,55,A
60,37,B
21,62,B
55,36,B
10,33,C
68,96,A
81,18,B
60,70,B
44,50,B
17,39,C
36,71,B
38,31,C
94,55,A
17,95,B
16,17,C
92,62,A
21,91,B
83,19,B
24,80,B
50,55,B
35,44,C
11,11,C
45,40,B
99,39,B
29,94,B
81,62,A
69,57,B
52,87,B
40,80,B
61,91,A
21,99,B
70,17,B
77,55,B
23,28,C
18,36,C
24,100,B
24,15,C
37,28,C
96,18,B
58,38,B
95,54,A
91,95,A
21,48,C
58,55,B
56,91,A
38,18,C
44,36,B
35,22,C
30,94,B
79,26,B
39,99,B
54,65,B
59,67,B
53,59,B
80,68,A
72,97,A
40,87,B
94,17,B
11,17,C
19,45,C
76,58,B
54,65,B
31,24,C
59,40,B
22,88,B
88,90,A
10,18,C
92,97,A
88,12,B
80,96,A
15,24,C
39,72,B
70,81,A
65,16,B
27,95,B
66,13,C
18,99,B
84,36,B
46,66,B
23,22,C
26,20,C
79,25,B
17,80,B
53,12,C
69,70,B
21,40,C
31,87,B
63,97,A
57,80,B
79,15,B
48,73,B
99,88,A
73,40,B
92,60,A
12,36,C
45,23,C
47,74,B
72,52,B
88,85,A
87,56,A
58,93,A
69,75,A
21,87,B
29,18,C
34,53,B
54,68,B
18,25,C
44,73,B
34,66,B
80,78,A
83,79,A
14,87,B
71,51,B
56,53,B
23,61,B
52,47,B
47,51,B
30,92,B
21,24,C
56,76,B
74,53,B
34,98,B
72,86,A
73,69,A
52,29,B
47,74,B
10,48,C
47,89,B
45,84,B
78,55,B
96,19,B
82,20,B
57,50,B
50,41,B
92,33,B
78,81,A
88,74,A
81,21,B
15,95,B
66,98,A
95,10,B
92,17,B
46,30,C
50,81,B
39,51,B
76,57,B
67,98,A
13,24,C
21,39,C
47,75,B
40,91,B
61,91,A
46,88,B
29,26,C
22,67,B
21,17,C
94,80,A
47,20,C
49,61,B
64,19,B
29,57,B
87,15,B
47,10,C
98,69,A
28,73,B
59,81,A
48,45,B
33,62,B
44,62,B
60,92,A
70,86,A
40,89,B
85,44,B
29,34,C
71,67,B
82,38,B
44,80,B
33,54,B
73,13,B
30,25,C
51,43,B
71,64,B
70,93,A
32,29,C
83,76,A
55,48,B
68,35,B
88,28,B
79,77,A
45,60,B
83,14,B
13,73,B
80,79,A
100,77,A
37,41,C
92,81,A
66,20,B
33,49,B
69,47,B
77,83,A
20,41,C
20,96,B
18,74,B
57,78,B
80,70,A
58,33,B
30,77,B
72,84,A
54,77,B
14,28,C
46,86,B
34,79,B
98,88,A
14,13,C
44,86,B
57,26,B
20,84,B
32,18,C
80,78,A
100,92,A
34,31,C
53,61,B
21,36,C
35,32,C
98,12,B
69,11,B
18,60,C
62,23,B
31,90,B
85,25,B
52,56,B
70,45,B
74,96,A
93,42,B
51,38,B
24,53,C
73,100,A
85,18,B
95,63,A
53,68,B
60,91,A
84,54,B
64,14,C
12,10,C
81,31,B
25,82,B
29,17,C
26,94,B
70,84,A
89,34,B
86,65,A
69,16,B
10,73,B
92,38,B
25,22,C
87,87,A
16,89,B
53,59,B
71,62,B
47,96,A
14,83,B
59,85,A
94,85,A
53,24,C
47,31,C
21,63,B
91,86,A
45,63,B
13,42,C
46,59,B
74,36,B
40,29,C
98,21,B
40,47,B
61,49,B
19,72,B
33,66,B
11,77,B
68,57,B
94,67,A
40,98,B
21,50,C
29,22,C
14,75,B
68,41,B
31,66,B
11,46,C
69,95,A
94,91,A
26,39,C
28,57,B
31,45,C
43,61,B
27,67,B
63,90,A
15,18,C
43,42,B
40,62,B
94,52,A
79,11,B
12,72,B
19,77,B
50,81,B
33,15,C
41,25,C
34,65,B
89,53,A
67,90,A
26,23,C
68,83,A
58,77,B
17,84,B
17,76,B
60,80,A
29,60,B
66,48,B
96,91,A
59,81,A
63,53,B
99,30,B
27,93,B
18,98,B
51,65,B
13,79,B
25,21,C
56,56,B
62,72,B
96,29,B
87,52,B
86,23,B
62,91,A
67,24,B
97,31,B
87,55,A
29,38,C
17,97,B
74,76,A
79,53,B
82,67,A
72,18,B
92,76,A
17,66,B
26,57,B
16,76,B
61,42,B
28,78,B
10,58,C
26,25,C
32,33,C
44,21,C
44,80,B
19,96,B
62,97,A
44,23,C
41,78,B
87,56,A
61,92,A
43,56,B
99,94,A
62,44,B
43,90,B
51,56,B
31,16,C
66,30,B
72,74,A
70,56,B
79,54,B
71,91,A
67,23,B
96,45,A
84,60,A
93,31,B
26,69,B
32,71,B
66,22,B
10,32,C
100,66,A
92,55,A
33,51,B
45,37,B
72,41,B
81,31,B
43,76,B
46,89,B
25,56,B
40,23,C
92,71,A
83,29,B
30,60,B
97,70,A
58,14,C
79,37,B
26,35,C
19,33,C
82,85,A
39,94,B
25,59,B
69,72,A
39,47,B
28,56,B
21,30,C
28,73,B
28,19,C
72,57,B
78,58,B
84,47,B
86,22,B
94,97,A
21,84,B
87,64,A
38,27,C
39,99,B
37,61,B
94,64,A
45,54,B
41,36,C
99,36,B
70,60,B
64,78,A
94,29,B
100,55,A
68,89,A
11,44,C
33,57,B
50,34,B
17,67,B
43,59,B
28,25,C
21,74,B
51,61,B
12,46,C
67,91,A
42,39,B
81,55,B
94,24,B
61,17,C
19,89,B
31,55,B
63,50,B
50,35,B
12,83,B
73,24,B
18,50,C
51,38,B
65,26,B
79,79,A
14,65,C
32,46,C
18,97,B
28,17,C
86,66,A
100,24,B
16,51,C
25,16,C
42,37,C
77,10,B
12,64,C
82,14,B
83,54,B
47,72,B
56,68,B
39,45,B
40,60,B
31,51,B
88,49,B
95,43,B
47,21,C
52,42,B
84,76,A
46,36,B
40,90,B
31,49,B
62,14,C
20,26,C
15,30,C
57,61,B
77,100,A
20,100,B
13,52,C
84,84,A
98,80,A
29,42,C
67,54,B
61,20,B
13,23,C
39,67,B
83,33,B
15,30,C
18,19,C
94,81,A
16,77,B
13,14,C
89,48,B
49,58,B
58,62,B
92,11,B
17,28,C
93,82,A
90,63,A
88,13,B
84,33,B
25,84,B
73,78,A
90,22,B
43,50,B
26,55,B
64,70,B
51,72,B
68,34,B
35,61,B
25,70,B
12,75,B
26,12,C
83,35,B
38,33,C
81,25,B
38,63,B
29,63,B
61,80,A
72,71,A
48,23,C
36,81,B
47,38,B
44,58,B
39,62,B
70,58,B
22,100,B
36,25,C
49,48,B
48,65,B
72,22,B
46,90,B
38,90,B
44,74,B
12,55,C
82,34,B
19,65,B
22,39,C
73,37,B
47,43,B
13,22,C
31,70,B
15,73,B
60,89,A
48,56,B
75,45,B
22,50,C
17,86,B
37,24,C
94,65,A
88,64,A
70,61,B
93,26,B
44,57,B
92,70,A
48,84,B
10,30,C
75,88,A
27,93,B
96,63,A
82,46,B
21,44,C
16,100,B
13,57,C
35,37,C
24,31,C
76,89,A
25,20,C
81,12,B
93,67,A
86,60,A
82,20,B
24,61,B
78,13,B
65,53,B
76,14,B
36,69,B
32,57,B
55,60,B
42,90,B
55,86,A
36,88,B
44,57,B
83,14,B
100,56,A
95,16,B
20,58,C
59,45,B
85,68,A
47,58,B
30,88,B
75,65,A
94,71,A
42,36,C
77,85,A
94,55,A
94,90,A
41,97,B
12,34,C
25,47,C
30,52,B
23,70,B
87,83,A
53,23,C
52,76,B
11,45,C
72,98,A
22,74,B
61,22,B
15,51,C
21,31,C
92,86,A
38,14,C
95,78,A
27,29,C
68,61,B
54,88,A
10,93,B
19,14,C
72,66,B
29,85,B
96,54,A
24,49,C
26,62,B
30,99,B
95,28,B
30,61,B
98,94,A
54,86,A
92,27,B
40,62,B
90,53,A
72,52,B
55,31,B
64,13,C
33,22,C
99,86,A
66,76,A
84,34,B
24,33,C
12,63,C
27,32,C
91,46,B
65,60,B
28,18,C
98,17,B
73,42,B
82,44,B
59,51,B
85,41,B
78,94,A
50,89,B
21,25,C
84,12,B
50,100,A
50,59,B
61,64,B
16,16,C
23,29,C
21,99,B
95,43,B
66,71,B
71,59,B
66,98,A
46,49,B
42,50,B
85,16,B
95,58,A
30,19,C
45,14,C
13,56,C
17,77,B
49,53,B
20,53,C
29,91,B
81,50,B
55,76,B
71,12,B
60,92,A
41,19,C
70,32,B
25,69,B
65,80,A
88,93,A
15,12,C
17,32,C
79,59,B
93,36,B
80,85,A
15,46,C
45,77,B
73,39,B
91,70,A
16,49,C
79,35,B
33,19,C
88,99,A
67,24,B
72,62,B
59,17,C
74,70,A
93,76,A
47,71,B
62,56,B
37,36,C
18,28,C
22,75,B
77,56,B
95,54,A
96,69,A
83,27,B
98,81,A
47,36,B
74,44,B
92,85,A
80,17,B
47,83,B
37,31,C
96,41,B
19,42,C
84,80,A
47,58,B
34,100,B
38,38,C
72,28,B
29,28,C
42,47,B
77,79,A
19,57,C
87,48,B
70,88,A
57,59,B
46,66,B
10,50,C
18,34,C
63,87,A
85,54,B
93,38,B
74,68,A
84,86,A
78,74,A
58,17,C
93,94,A
29,25,C
67,74,A
85,54,B
59,74,B
14,44,C
15,16,C
28,54,B
18,31,C
35,56,B
37,55,B
93,56,A
46,15,C
54,68,B
87,55,A
55,72,B
87,56,A
100,82,A
69,89,A
92,28,B
57,33,B
48,67,B
29,90,B
19,35,C
20,82,B
63,88,A
83,96,A
71,14,B
45,79,B
37,76,B
67,79,A
22,27,C
22,84,B
81,52,B
82,91,A
99,34,B
42,45,B
44,65,B
32,22,C
84,23,B
14,48,C
65,10,C
16,87,B
75,96,A
14,12,C
45,46,B
62,28,B
18,82,B
100,87,A
31,71,B
26,54,B
31,46,C
95,43,B
77,14,B
66,82,A
14,80,B
12,38,C
17,47,C
47,60,B
27,64,B
43,98,A
77,19,B
74,60,B
75,68,A
45,73,B
37,61,B
29,43,C
27,35,C
62,86,A
17,20,C
41,55,B
50,86,B
13,42,C
41,28,C
85,89,A
93,67,A
33,35,C
45,99,A
79,97,A
39,40,C
19,72,B
45,30,C
33,42,C
23,37,C
88,38,B
51,89,A
73,99,A
72,58,B
72,45,B
96,100,A
55,94,A
72,26,B
48,39,B
35,60,B
86,12,B
92,25,B
31,93,B
63,48,B
54,91,A
58,22,B
59,48,B
58,71,B
67,43,B
64,83,A
69,59,B
27,15,C
56,97,A
74,39,B
55,85,A
23,75,B
90,60,A
51,34,B
81,33,B
90,34,B
32,98,B
57,95,A
88,43,B
81,58,B
79,89,A
13,23,C
68,44,B
34,76,B
27,16,C
69,77,A
96,23,B
27,41,C
56,70,B
34,67,B
90,42,B
44,57,B
93,24,B
24,95,B
76,86,A
35,72,B
97,11,B
55,14,C
48,52,B
53,92,A
50,100,A
40,51,B
78,95,A
30,79,B
99,28,B
23,18,C
92,34,B
72,50,B
59,88,A
45,13,C
18,39,C
35,51,B
51,49,B
34,51,B
19,21,C
12,35,C
13,10,C
28,14,C
35,15,C
85,97,A
23,71,B
68,21,B
86,17,B
66,18,B
69,58,B
72,94,A
46,28,C
20,80,B
94,21,B
85,81,A
91,81,A
65,45,B
60,44,B
21,58,C
96,46,A
33,99,B
76,57,B
42,89,B
47,40,B
93,99,A
82,54,B
16,66,B
90,48,B
53,20,C
55,86,A
46,88,B
63,69,B
52,34,B
21,18,C
15,13,C
64,38,B
71,17,B
64,36,B
22,45,C
27,79,B
57,40,B
79,41,B
93,89,A
78,84,A
19,93,B
71,96,A
35,34,C
61,55,B
35,65,B
20,66,B
12,37,C
81,55,B
53,42,B
12,14,C
30,99,B
18,100,B
16,34,C
55,31,B
62,71,B
76,92,A
81,81,A
64,56,B
35,67,B
12,90,B
87,93,A
20,96,B
43,71,B
96,54,A
96,27,B
80,34,B
19,74,B
28,38,C
37,96,B
53,19,C
47,93,A
82,73,A
76,62,B
43,73,B
64,77,A
21,39,C
77,90,A
23,13,C
77,27,B
13,57,C
49,90,B
20,72,B
54,50,B
36,53,B
11,41,C
20,55,C
71,56,B
59,34,B
64,10,C
49,51,B
59,20,C
33,25,C
57,34,B
41,55,B
35,49,B
51,85,B
50,94,A
45,91,B
43,84,B
93,65,A
11,40,C
99,57,A
39,34,C
86,68,A
36,90,B
45,31,C
15,35,C
17,29,C
63,61,B
89,28,B
46,63,B
58,53,B
12,44,C
28,64,B
68,90,A
79,67,A
16,10,C
14,88,B
30,29,C
16,21,C
78,88,A
82,10,B
17,80,B
64,37,B
69,39,B
60,13,C
48,91,B
92,65,A
96,19,B
25,97,B
91,42,B
87,90,A
12,48,C
43,44,B
62,71,B
44,98,A
45,99,A
40,76,B
80,72,A
91,48,B
53,59,B
14,63,C
43,70,B
62,70,B
83,49,B
41,14,C
40,34,C
11,91,B
100,58,A
43,16,C
75,76,A
30,41,C
78,28,B
14,74,B
40,38,C
34,85,B
31,61,B
99,36,B
91,99,A
91,97,A
22,64,B
100,12,B
61,62,B
49,42,B
78,63,A
64,46,B
80,51,B
11,73,B
61,69,B
77,58,B
66,26,B
81,48,B
55,83,B
98,98,A
23,71,B
82,40,B
82,12,B
81,82,A
79,87,A
64,42,B
10,100,B
36,31,C
15,45,C
33,85,B
64,100,A
85,52,B
38,45,B
37,59,B
10,96,B
82,93,A
97,94,A
47,46,B
98,83,A
53,56,B
18,72,B
98,57,A
58,56,B
35,86,B
86,25,B
15,77,B
10,93,B
92,54,A
89,97,A
38,44,B
29,16,C
11,37,C
26,20,C
83,10,B
60,38,B
23,95,B
23,52,C
29,15,C
93,34,B
39,53,B
40,80,B
91,81,A
63,58,B
71,47,B
56,41,B
91,100,A
12,49,C
13,91,B
97,97,A
61,65,B
12,12,C
48,85,B
87,11,B
80,34,B
13,48,C
10,77,B
67,45,B
17,33,C
18,13,C
78,56,B
27,86,B
80,19,B
80,89,A
42,27,C
41,29,C
100,62,A
84,32,B
27,52,C
40,24,C
27,17,C
96,28,B
22,45,C
59,34,B
22,59,B
60,46,B
95,73,A
54,53,B
90,98,A
52,84,B
18,64,B
41,44,B
33,91,B
69,79,A
50,23,C
15,82,B
64,38,B
82,87,A
38,49,B
67,18,B
57,63,B
98,40,B
36,32,C
29,40,C
61,44,B
79,70,A
81,77,A
83,79,A
81,76,A
16,87,B
100,18,B
81,73,A
38,30,C
67,89,A
55,100,A
28,80,B
53,59,B
10,41,C
93,17,B
23,30,C
92,52,A
47,17,C
26,84,B
88,85,A
17,13,C
15,64,C
44,66,B
18,23,C
56,36,B
73,98,A
53,84,B
17,100,B
91,90,A
58,85,A
45,42,B
80,18,B
13,87,B
54,23,C
29,53,B
91,59,A
88,48,B
69,40,B
73,46,B
92,75,A
65,71,B
35,52,B
88,73,A
98,82,A
40,67,B
29,25,C
91,69,A
86,48,B
31,64,B
95,13,B
38,98,B
81,65,A
35,16,C
68,71,B
94,67,A
68,59,B
78,97,A
26,89,B
28,25,C
10,51,C
24,76,B
24,77,B
30,91,B
45,54,B
19,54,C
84,14,B
68,75,A
73,49,B
86,37,B
37,66,B
96,31,B
44,79,B
39,50,B
26,88,B
54,98,A
36,86,B
84,47,B
83,57,A
27,84,B
51,90,A
45,73,B
48,60,B
26,71,B
33,12,C
88,57,A
83,77,A
31,94,B
22,52,C
96,80,A
29,32,C
94,45,B
19,67,B
47,48,B
39,26,C
51,100,A
94,57,A
53,57,B
58,28,B
74,64,B
93,33,B
94,26,B
41,46,B
30,80,B
90,48,B
25,44,C
84,38,B
88,65,A
84,92,A
15,24,C
34,67,B
85,58,A
95,36,B
13,86,B
16,66,B
28,49,C
93,29,B
56,32,B
73,90,A
48,62,B
97,96,A
61,91,A
67,40,B
18,32,C
56,54,B
35,77,B
68,78,A
51,94,A
69,34,B
34,52,B
90,84,A
27,63,B
55,31,B
12,94,B
80,23,B
65,40,B
51,46,B
56,69,B
57,29,B
76,72,A
23,53,C
96,72,A
71,15,B
29,12,C
64,10,C
64,86,A
54,100,A
53,41,B
85,38,B
83,77,A
28,71,B
37,74,B
92,34,B
41,34,C
84,92,A
99,73,A
27,21,C
79,86,A
66,10,C
75,42,B
41,94,B
12,74,B
36,44,B
14,62,C
22,47,C
62,22,B
32,54,B
90,32,B
16,44,C
96,43,B
20,12,C
99,31,B
43,18,C
50,30,B
60,24,B
65,100,A
64,43,B
34,63,B
10,40,C
33,67,B
32,79,B
73,44,B
80,77,A
46,32,C
57,22,C
18,50,C
83,15,B
11,38,C
71,69,A
18,70,B
13,30,C
25,38,C
63,53,B
84,63,A
77,10,B
69,37,B
91,49,A
84,37,B
54,63,B
39,59,B
99,18,B
60,30,B
68,22,B
50,37,B
46,75,B
54,91,A
61,62,B
14,28,C
18,25,C
87,52,B
16,88,B
27,45,C
71,91,A
67,66,B
18,80,B
74,14,B
62,74,B
40,82,B
74,27,B
29,23,C
19,15,C
60,75,B
59,63,B
46,79,B
16,84,B
73,28,B
96,91,A
48,65,B
37,53,B
47,30,C
51,86,B
70,43,B
50,58,B
98,85,A
92,80,A
61,39,B
70,83,A
79,24,B
48,74,B
74,23,B
11,52,C
41,18,C
46,80,B
23,68,B
16,29,C
46,74,B
35,84,B
74,66,A
20,24,C
85,40,B
21,62,B
45,84,B
82,96,A
15,31,C
85,54,B
62,22,B
86,99,A
49,62,B
46,30,C
67,15,B
88,80,A
17,91,B
67,30,B
62,17,C
31,20,C
41,57,B
31,76,B
86,35,B
13,43,C
98,72,A
58,99,A
100,54,A
24,48,C
27,22,C
33,67,B
31,69,B
46,86,B
67,36,B
15,76,B
85,82,A
60,12,C
53,57,B
80,68,A
25,49,C
84,32,B
42,60,B
52,69,B
96,49,A
93,100,A
52,17,C
41,44,B
54,41,B
94,81,A
98,68,A
84,82,A
20,82,B
84,63,A
26,88,B
83,13,B
74,78,A
35,76,B
77,25,B
34,40,C
20,74,B
30,28,C
100,82,A
18,100,B
23,44,C
78,40,B
18,43,C
10,28,C
39,17,C
67,99,A
68,94,A
78,68,A
33,34,C
51,62,B
52,62,B
87,17,B
53,94,A
76,22,B
49,28,C
85,63,A
84,92,A
59,12,C
22,29,C
35,98,B
30,78,B
40,12,C
35,62,B
47,35,B
37,99,B
17,87,B
31,75,B
31,43,C
32,94,B
98,26,B
84,26,B
63,20,B
10,39,C
86,42,B
65,77,A
30,48,C
96,57,A
58,36,B
46,51,B
85,51,B
55,71,B
88,83,A
56,29,B
89,51,A
59,69,B
67,51,B
33,95,B
12,73,B
46,60,B
94,58,A
33,33,C
80,83,A
16,46,C
82,85,A
86,16,B
27,51,C
69,87,A
61,82,A
45,65,B
11,40,C
38,17,C
17,27,C
41,94,B
70,46,B
95,35,B
29,46,C
20,84,B
11,23,C
16,48,C
31,62,B
40,79,B
23,60,B
67,65,B
49,80,B
72,88,A
43,49,B
45,61,B
28,40,C
76,79,A
80,54,B
37,62,B
18,70,B
13,65,C
58,58,B
17,49,C
90,30,B
90,31,B
26,69,B
80,64,A
37,42,C
14,12,C
49,48,B
88,98,A
52,25,C
86,14,B
77,89,A
52,66,B
55,32,B
64,19,B
29,26,C
50,95,A
11,39,C
85,39,B
56,64,B
75,17,B
16,43,C
77,25,B
20,87,B
54,42,B
20,85,B
68,59,B
53,22,C
90,10,B
50,13,C
40,70,B
98,56,A
22,78,B
62,22,B
86,52,B
66,15,B
40,79,B
88,89,A
82,13,B
29,11,C
19,30,C
79,21,B
84,88,A
82,38,B
58,18,C
95,75,A
68,23,B
34,16,C
40,16,C
36,65,B
60,66,B
90,24,B
69,89,A
94,32,B
67,83,A
64,67,B
49,62,B
67,51,B
16,46,C
35,52,B
83,31,B
25,38,C
67,12,C
97,76,A
89,35,B
92,47,B
77,42,B
63,25,B
78,47,B
78,52,B
15,20,C
50,68,B
41,81,B
17,51,C
14,16,C
44,15,C
88,58,A
54,85,B
46,14,C
51,32,B
67,96,A
88,20,B
67,38,B
16,80,B
43,17,C
89,62,A
51,37,B
69,36,B
37,96,B
17,95,B
70,41,B
93,20,B
73,35,B
61,64,B
42,28,C
97,32,B
54,13,C
46,75,B
24,97,B
95,97,A
93,18,B
43,41,B
97,63,A
49,21,C
54,94,A
78,39,B
10,59,C
34,66,B
67,83,A
16,81,B
11,22,C
88,68,A
86,63,A
59,91,A
60,86,A
24,50,C
30,74,B
64,16,B
31,14,C
18,66,B
96,23,B
30,90,B
87,87,A
57,82,B
81,35,B
38,32,C
28,27,C
37,87,B
59,29,B
26,44,C
71,25,B
61,62,B
45,83,B
15,28,C
54,63,B
92,85,A
100,34,B
20,65,B
100,84,A
39,47,B
76,29,B
52,21,C
62,31,B
24,36,C
35,90,B
31,90,B
29,27,C
74,15,B
94,63,A
45,65,B
93,83,A
32,24,C
95,61,A
15,19,C
90,96,A
19,68,B
97,70,A
59,63,B
50,24,C
70,71,A
91,69,A
83,89,A
18,60,C
75,47,B
16,14,C
18,48,C
65,42,B
68,44,B
11,84,B
37,20,C
73,29,B
62,78,A
12,77,B
55,14,C
77,35,B
70,41,B
98,96,A
16,63,C
92,26,B
33,88,B
14,35,C
58,19,C
72,69,A
17,77,B
21,35,C
70,12,B
93,98,A
84,47,B
89,50,B
33,49,B
79,80,A
89,44,B
47,29,C
10,38,C
84,49,B
68,21,B
33,25,C
99,33,B
70,99,A
49,17,C
27,40,C
49,41,B
53,65,B
99,91,A
74,66,A
34,59,B
62,27,B
25,87,B
26,30,C
31,54,B
72,42,B
42,76,B
57,52,B
57,85,A
63,75,B
51,37,B
24,14,C
73,14,B
76,11,B
88,35,B
71,31,B
85,30,B
99,70,A
54,46,B
14,81,B
63,26,B
53,35,B
57,73,B
98,61,A
41,24,C
17,73,B
70,34,B
85,85,A
68,23,B
90,96,A
75,28,B
72,71,A
52,21,C
37,71,B
85,65,A
10,47,C
20,46,C
43,79,B
88,67,A
61,100,A
89,93,A
90,19,B
28,74,B
18,97,B
34,73,B
38,14,C
95,59,A
49,90,B
37,18,C
95,57,A
98,92,A
75,81,A
61,37,B
17,84,B
20,95,B
75,76,A
34,95,B
38,46,B
63,53,B
58,90,A
75,10,B
36,12,C
81,78,A
76,67,A
61,28,B
63,26,B
46,68,B
88,26,B
50,50,B
47,49,B
24,88,B
39,66,B
68,42,B
30,90,B
82,95,A
76,48,B
30,49,C
